1,서울,종로구,종로문화원,최창혁,1994. 12. 22,서울 종로구 율곡로 5,02-2148-4087,jongno.kccf.or.kr, 655 , 1 , 1 , - , 2 ,," 108,600 "," 17,000 "," 96,323 ", - ," 221,923 ", 83 , - , 83 , 83 , - , - , 248 , 980 
2,서울,중구,중구문화원,김장환,1995. 8. 17,서울 중구 청계천로 86(장교동 1번지),02-775-3001,www.junggucc.or.kr, 198 , 1 , 2 , - , 3 ,," 206,917 "," 14,225 "," 166,052 ", - ," 387,194 ", 50 , 111 , - , 179 , - , 49 , 389 ," 30,231 "
3,서울,용산구,용산문화원,박삼규,1997. 12. 9,서울 용산구 효창원로 8길 28,02-703-0052,yongsan.kccf.or.kr, 46 , 1 , 3 , - , 4 ,," 153,475 "," 90,850 "," 251,845 ", - ," 496,170 ", 271 , - , 482 , 220 , - , 314 ," 1,286 "," 11,846 "
4,서울,성동구,성동문화원,변대석,1997. 10. 21,서울 성동구 왕십리로 281 성동문화회관 2층,02-2286-6234,www.ssdc.or.kr, 180 , 1 , 2 , 1 , 4 ,," 60,000 "," 66,306 "," 115,535 ", - ," 241,841 ", 72 , 22 , - , - , - , 33 , 127 ," 28,000 "
5,서울,광진구,광진문화원,양회종,1996. 11. 11,서울 광진구 광나루로 56길 67,02-447-0244,kjcc.or.kr, 60 , 1 , 5 , 5 , 11 ,," 143,250 "," 793,667 "," 961,727 ", - ," 1,898,644 ", 251 , - , 416 , 85 , - ," 1,527 "," 2,279 "," 14,000 "
6,서울,동대문구,동대문문화원,김영섭,1998. 12. 28,서울 동대문구 답십리로 210-9,02-2241-9300,dongdemun.kccf.or.kr, 130 , 1 , 2 , - , 3 ,," 136,750 "," 45,000 "," 95,121 "," 91,750 "," 368,621 ", 60 , - , 277 , 255 , - , 40 , 632 ," 100,000 "
7,서울,중랑구,중랑문화원,김태웅,1998. 9. 26,서울 중랑구 면목로 238; 3층(면목동; 중랑구민회관),02-492-0066,ejnc.kr, 388 , 1 , 1 , 1 , 3 ,," 220,300 ", - ," 122,680 ", - ," 342,980 ", 109 , - , 616 , - , - , 123 , 849 ," 5,546 "
8,서울,성북구,성북문화원,조태권,1996. 12. 30,서울 성북구 성북로4길 13-8,02-765-1611,www.isbcc.or.kr, 169 , 1 , 4 , 3 , 8 ,," 160,888 "," 270,889 "," 233,510 ", - ," 665,287 ", 45.19 , 134.89 , 122.00 , -   , -   , 164.30 , 466.38 ," 37,265 "
9,서울,강북구,강북문화원,박순재,1996. 12. 12,서울 강북구 삼각산로 85; 강북문화예술회관 3층,02-999-8109,www.gbculture.or.kr, 103 , 1 , 2 , - , 3 ,, - ," 7,000 "," 137,814 "," 1,000 "," 145,814 ", 170 , - , - , - , - , 666 , 836 ," 10,000 "
10,서울,도봉구,도봉문화원,이영철,1994. 8. 20,서울 도봉구 도봉로 552(창동; 도봉구민회관),02-905-4026,www.dobong.or.kr, 677 , 1 , 5 , 1 , 7 ,," 355,750 ", - ," 345,203 ", - ," 700,953 ", 72 , - , - , 198 , - , 273 , 543 ," 10,882 "
11,서울,노원구,노원문화원,김진학,1997. 12. 9,서울 노원구 동일로 197길 24(공릉동),02-938-1244,www.nwcc.or.kr, 298 , 1 , 4 , - , 5 ,," 498,859 ", - ," 324,305 ", - ," 823,164 ", 69 , - , 171 , - , 69 , 278 , 587 ," 128,078 "
12,서울,은평구,은평문화원,김명자,1998. 11. 5,서울 은평구 녹번로 16 은평문화예술회관 2층,02-383-9300,eunpyeong.kccf.or.kr, 518 , 1 , - , - , 1 ,," 13,000 "," 400,100 "," 43,100 ", - ," 456,200 ", 137 , 회의실포함 , - , - , 50 , - , 187 ," 3,115 "
13,서울,서대문구,서대문문화원,신현준,2001. 10. 26,서울 서대문구 백련사길 39 서대문문화회관 2층,02-3217-1592,sdmcc.co.kr, 200 , 1 , 2 , - , 3 ,," 161,250 ", - ," 39,480 ", - ," 200,733 ", 185 , - , 157 , - , - , - , 343 ," 4,500 "
14,서울,마포구,마포문화원,최병길,1997. 9. 30,서울 마포구 백범로 227,02-312-1100,mapocc.or.kr," 3,020 ", 1 , 3 , 1 , 5 ,," 179,750 "," 54,250 "," 420,598 ", - ," 654,598 ", 50 , 50 , 194 , 58 , 180 , 931 ," 1,463 "," 175,450 "
15,서울,양천구,양천문화원,이경동,1997. 2. 28,서울 양천구 목동서로 367 양천문화회관 별관 5층,02-2651-5300,www.양천문화원.kr, 646 , 1 , 2 , - , 3 ,," 139,600 "," 44,250 "," 672,330 ", - ," 856,180 ", 60 , 40 , - , - , - , 495 , 594 ," 74,500 "
16,서울,강서구,강서문화원,김병희,1995. 5. 23,서울 강서구 화곡로 215,02-2607-4233,kcc2000.or.kr, 163 , 1 , 3 , - , 4 ,," 615,701 "," 392,000 "," 120,662 ", - ," 1,128,363 ", 120 , - , 113 , 339 , - ," 1,474 "," 2,046 "," 160,000 "
17,서울,구로구,구로문화원,최문식,2005. 3. 9,서울 구로구 경인로 393-7; 2동 5층(고척동; 일이삼전자타운),02-851-0837,www.gurocc.or.kr, 91 , 1 , 3 , - , 4 ,," 89,710 "," 11,000 "," 440,109 ", - ," 540,819 ", 29 , 222 , (강의실포함) , 23 , - , 30 , 304 ," 23,863 "
18,서울,금천구,금천문화원,이종학,1999. 6. 22,서울 금천구 시흥대로 38길 61,02-896-8552,geumcheon.kccf.or.kr, 77 , 1 , 1 , - , 2 ,," 77,500 "," 70,000 "," 120,000 ", - ," 267,500 ", 81 , - , 200 , 284 , 16 , - , 581 ," 5,000 "
19,서울,영등포구,영등포문화원,한천희,1999. 8. 7,서울 영등포구 신길로 275,02-846-0155,www.ydpcc.co.kr, 561 , 1 , 5 , - , 6 ,," 336,872 "," 25,500 "," 418,129 ", - ," 780,501 ", 174 , 765 , 523 , 471 , - ," 1,424 "," 3,357 "," 52,780 "
20,서울,동작구,동작문화원,송지현,1998. 12. 21,서울 동작구 장승배기로 10길 42; 3층(상도동; 동작문화복지센터),02-822-8500,www.dongjaktv.net, 90 , 1 , 6 , - , 7 ,," 113,250 "," 14,600 "," 1,227,308 ",  -  ," 1,355,158 ", 93 , 86 ," 1,362 ",  -  ,  -  , 966 ," 2,507 "," 30,000 "
21,서울,관악구,관악문화원,김윤철,1992. 2 28,서울 관악구 신림로3길 35(신림동),02-885-5975, www.gacc.or.kr, 512 , 1 , 2 , - , 3 ,," 81,830 "," 14,750 "," 213,924 "," 44,250 "," 354,754 ", 109 , - , 413 , - , - , 139 , 660 ," 89,675 "
22,서울,서초구,서초문화원,박기현,2008.12.15,서울 서초구 강남대로 201 서초문화예술회관 2층,02-2155-8607,http://socc.or.kr," 1,233 ", 1 , 3 , - , 4 ,," 184,948 "," 9,432 "," 503,900 ", - ," 698,280 ", 60 , - , - , - , - , 463 , 523 ," 7,227 "
23,서울,강남구,강남문화원,박양재,1998. 2. 19,서울 강남구 테헤란로8길 36; 3층,02-3454-1517,sgnc.or.kr, 530 , 1 , 3 , - , 4 ,, 232;72 , 44;25 , 245;82 , - , 522;79 , 63 , 345 , - , - , - , 156 , 564 ," 8,730 "
24,서울,송파구,송파문화원,김원섭,1994. 9. 7,서울 송파구 올림픽로 44,02-414-0354,www.spcc.or.kr, 243 , 1 , 6 , - , 7 ,," 360,990 "," 56,350 "," 841,817 ", - ," 1,259,157 ", 70 , - , 291 , 165 ,," 1,294 "," 1,820 "," 500,000 "
25,서울,강동구,강동문화원,양재곤,1999. 1. 29,서울 강동구 상암로168(강동구민회관 2층),02-488-0386,www.gdcc.or.kr, 355 , 1 , 3 , - , 4 ,," 261,466 "," 10,000 "," 272,873 ", - ," 544,339 ", 50 , 41 , 122 , - , - , - , 213 ," 3,000 "
서울 총계,,서울 총계,25,,,,,,,,,,,,,,,,,,,,,,,,
26,부산,서구,서구문화원,김허남,2009. 9. 15,부산 서구 까치고개로 197번길 46,051-231-4085,http://www.seogucc.or.kr, 172 , 1 , 1 , 3 , 5 ,," 265,200 "," 57,100 "," 31,043 ", - ," 353,343 ", 17 , - , 180 , 34 , 222 , - , 452 ," 25,960 "
27,부산,동구,동구문화원,박주석,2009. 8. 24,부산 동구 중앙대로 349번길 20,051-440-4928,http://caf?.daum.net/dgmhw, 210 , 1 , 1 , - , 2 ,," 50,700 "," 13,000 "," 31,515 ", - ," 95,215 ", 31 , 44 , 252 , - , - , 109 , 436 ," 34,224 "
28,부산,영도,영도문화원,성한경,2010. 6. 29,부산 영도구 함지로 79번길 6(동삼동 516-1 영도도서관 2층),051-403-1861,http://ydculture.com, 182 , 1 , 1 , - , 2 ,," 290,700 "," 48,000 "," 39,286 ", - ," 377,986 ", 137 , - , - , - , - , - , 137 ," 825,000 "
29,부산,부산진구,부산진문화원,박수용,2003. 9. 9,부산 부산진구시민공원로 19번길 28(부암동),051-817-9648,http://busanjin.kccf.or.kr, 860 , 1 , 1 ,, 2 ,," 103,200 ", - ," 116,576 ",  -  ," 219,776 ", 70 ,  -  , 154 , 84 ,  -  , 94 , 402 ," 16,000 "
30,부산,동래구,동래문화원,허창석,1998. 12. 30,부산 동래구 문화로  80,051-555-1441,dongnae.kccf.or.kr," 1,015 ", 1 , 2 , - , 3 ,," 487,700 "," 106,000 "," 159,936 "," 97,208 "," 850,844 ", 83 , 146 , - , - , - , 242 , 471 ," 71,489 "
31,부산,남구,남구문화원,성재영,2007. 12. 18,부산 남구 신선로 566-2(용호동 현장민원실 3층),051-624-1333,, 158 , 1 , 1 , - , 2 ,," 85,000 "," 20,000 "," 113,435 ", - ," 218,435 ", 36 , - , 185 , - , - , 203 , 423 ," 1,855 "
32,부산,북구,낙동문화원,박홍근,1998 .5. 28,부산 북구 금곡대로 46번길 50 북구문화빙상센터 2층,051-364-2710,http://nakdong.or.kr, 552 , 1 , 2 , - , 3 ,," 72,800 ",  -  ," 47,631 ",  -  ," 120,431 ", 51 ,  -  , 481 , 468 ,  -  , 201 ," 1,201 "," 520,000 "
33,부산,해운대구,해운대문화원,최수기,2017. 9. 6,부산 해운대구 센텀중앙로 170(재송동) 해운대구문화복합센터 1층,051-784-3400,www.hudcc.org, 76 , 1 , 3 , - , 4 ,," 50,000 ", - ," 55,000 ", - ," 105,000 ", 125 , 60 ," 1,400 ", 140 , 240 , - ," 1,965 "," 6,562 "
34,부산,사하구,사하문화원,배상진,2011.10.14,부산 사하구 낙동남로 1233번길 25(하단동) 을숙도문화회관 내,051-204-2587,http://sahacc.kr, 664 , 1 , 2 , - , 3 ,," 101,000 ",  -  ," 186,000 ",  -  ," 287,000 ", 66 , 221 , 996 , 261 ,  -  ,  -  ," 1,544 "," 9,500 "
35,부산,금정구,금정문화원,하용직,2000. 5. 3,부산 금정구 중앙대로 1826번길 10-4,051-581-9071, http://kumjung.or.kr, 392 , 1 , 1 , 1 , 3 ,," 149,700 "," 12,000 "," 103,579 ", - ," 265,279 ", 109 , - , - , - , - , 109 , 218 ," 10,913 "
36,부산,강서구,강서문화원,배수신,1994. 12. 22,부산 강서구 대저1동 2300번지,051-972-6369,culture.bsgangseo.go.kr, 780 , 1 , 2 , - , 3 ,," 173,320 "," 13,000 "," 80,236 ", - ," 266,556 ", 67 , 55 , 300 , 150 , - , 574 ," 1,146 "," 7,020 "
37,부산,연제구,연제문화원,정분옥,1996. 12. 12,부산 연제구 거제대로 180,051-759-3113,yeonje.kccf.or.kr, 339 , 1 , 1 , - , 2 ,," 217,360 ", - ," 89,404 ", - ," 306,764 ", 85 , - , - , - , - , 557 , 642 ," 2,074 "
38,부산,수영구,수영문화원,전광수,2009. 7. 10,부산 수영구 광안해변로 219(광안동),051-758-0606,www.suyeongcc.or.kr, 350 , 1 , 1 , - , 2 ,," 95,385 "," 13,899 "," 124,157 ", - ," 233,441 ", 150 , - , - , - , - , 493 , 643 ," 4,240 "
39,부산,사상구,사상문화원,손영수,1999. 9. 30,부산 사상구 가야대로 196번길 51 다누림센터 2층,051-316-9111,sasangculture.or.kr, 871 , 1 , 3 , - , 4 ,," 507,050 ", - ," 96,120 ", - ," 603,170 ", 122 , 122 , 613 , - , 369 , 840 ," 2,066 "," 140,000 "
40,부산,기장군,기장문화원,송영우,1997. 8. 4,부산 기장군 기장읍 청강로 74번길 35-6,051-724-2224,gijangcc.or.kr, 500 , 1 , 2 , - , 3 ,," 307,500 "," 11,500 "," 73,023 ", - ," 392,023 ", 95 , 42 , 176 , 69 , - , 307 , 689 ," 5,000 "
부산 총계,,부산 총계,15,,,,,,,,,,,,,,,,,,,,,,,,
41,대구,중구,중구문화원,조영수,1991. 12. 14,대구 중구 봉산문화길 77 봉산문화회관 4층,053-255-5123,www.djc.kr, 88 , 1 , 1 , - , 2 ,," 94,767 ", - ," 18,104 ", - ," 112,871 ", 39 , 30 , - , - , - , - , 69 , 860 
42,대구,동구,동구팔공문화원,김성수,2000. 3. 20,대구 동구 팔공로 197길 25,053-984-8774,www.palgong.or.kr, 342 , 1 , 1 , - , 2 ," 4,625 "," 103,142 "," 13,000 "," 51,000 ", - ," 171,767 ", 27 , - , 124 , - , - , 511 , 662 ," 8,300 "
43,대구,서구,서구문화원,박수관,2000. 3. 21,대구 서구 당산로 403,053-563-9066,www.dgccf.or.kr, 173 , 1 , 1 , - , 2 ,," 193,000 "," 97,500 "," 22,386 "," 50,000 "," 362,886 ", 204 ,  -  ,  -  ,  -  ,  -  ,  -  ,  -  ," 13,000 "
44,대구,남구,남구문화원,이재녕,1998. 5. 6,대구 남구 앞산순환로 478; 대덕문화전당 2층,053-652-4450,www.daeduk.or.kr, 134 , 1 , 1 , - , 2 ,," 33,542 "," 9,000 ", - , - ," 42,542 ", 42 , 90 , - , 272 , - , - , 404 ," 3,577 "
45,대구,북구,북구문화원,남성희,1999. 12. 31,대구 북구 구암로 47; 어울아트센터 내 별관 2층(관음동),053-326-2553,http://dgbukgu.kccf.or.kr, 370 , 1 , 1 , - , 2 ,," 195,267 "," 9,554 "," 71,096 ", - ," 275,917 ", 83 , 50 , - , - , - , - , 133 ," 124,407 "
46,대구,수성구,수성문화원,윤종현,2005. 11. 7,대구 수성구 들안로 16길 78,053-768-0002,suseong.or.kr, 540 , 1 , 2 ,, 3 ,," 94,624 ", - ," 164,142 "," 79,204 "," 337,970 ", 50 , 50 , - , 198 , - , 207 , 504 ," 10,000 "
47,대구,달서구,달서구문화원,조영창,2000. 1. 31,대구 달서구 문화회관길 160(장기동),053-554-4800,www.dgccf.or.kr, 108 , 1 , 1 , - , 2 ,," 108,725 "," 2,500 "," 52,195 "," 146,615 "," 310,035 ", 56 ,  -  , 216 ,  -  ,  -  , 108 , 380 ," 4,500 "
48,대구,달성군,달성문화원,차준용,1985. 11. 21,대구 달성군 현풍면 현풍동로 92,053-611-0010,http://dalseong.kccf.or.kr, 858 , 1 , 4 , - , 5 ,," 464,364 ",," 75,552 ",  -  ," 539,916 ", 56 , 50 , 357 , 165 , 76 ," 1,468 "," 2,172 "," 160,000 "
대구 총계,,대구 총계,8,,,,,,,,,,,,,,,,,,,,,,,,
49,인천,중구,중구문화원,최춘자,2002. 12. 31,인천 중구 축항대로 296번길 81 중구문화회관내 1층,032-761-2778,jemulpo.kccf.or.kr, 170 , 1 , 2 , - , 3 ,," 174,159 "," 10,890 "," 19,798 ",  -  ," 204,847 ", 58 ,  -  ,  -  ,  -  ,  -  , 225 , 283 ," 5,300 "
50,인천,동구,화도진문화원,박미숙,2016.12. 1,인천 동구 염전로 40번길 70 2층(송림동; 주민행복센터),032-777-8956,blog.naver.com/hdjcc, 266 , 1 , 2 , - , 3 ,, - , - ," 26,000 ", - ," 26,000 ", 47 , 194 ," 1,013 ", - , - , - ," 1,254 ", 243 
51,인천,남구,남구학산문화원,이회만,2003. 10. 24,인천 남구 인하로 126(용현동 81-8),032-866-3994,www.haksanculture.or.kr," 2,223 ", 1 , 8 , - , 9 ,," 1,008,176 "," 15,000 "," 23,738 ", - ," 1,046,914 ", 80 , 36 , 103 ,, 124 , 486 , 829 ," 76,395 "
52,인천,연수구,연수문화원,조복순,2001. 10. 22,인천광역시 연수구 비류대로 299 청학문화센터,032-821-6229,yeonsu.or.kr," 18,000 ", 1 , 5 , - , 6 ,," 255,952 "," 72,000 "," 322,208 ", - ," 650,160 ", 68 , 135 , 354 , 315 , - , 320 ," 1,192 "," 48,806 "
53,인천,남동구,남동문화원,신홍순,2004. 8. 2,인천 남동구 아암대로 1437번길 32,032-468-1715,www.ndcc.kr," 1,118 ", 1 , 2 ,  -  , 3 ,," 67,132 "," 48,046 "," 101,315 "," 1,510 "," 218,003 ", 76 ,  -  , 110 ,  -  ,  -  , 40 , 226 ," 1,109 "
54,인천,부평구,부평문화원,정진철,1998. 5. 1,인천 부평구 굴포로 151,032-505-9001,bpcc.or.kr, 380 , 1 , 4 , - , 5 ,," 292,321 "," 21,000 "," 112,945 ", - ," 426,266 ", 106 , - , - , - , - , 288 , 393 ," 6,500 "
55,인천,계양구,계양문화원,이찬용,2005. 6. 10,인천 계양구 계산새로 88 6층 609호,032-450-5753,gyeyang.kccf.or.kr, 190 , 1 , 2 , - , 3 ,," 514,802 ",," 12,165 ",," 526,967 ", 300 , - , - , 660 , - , - , 960 ," 105,767 "
56,인천,서구,서구문화원,정군섭,2002. 5. 28,인천 서구 서달로 190 서구문화회관 2층,032-560-2931,seogucul.or.kr, 212 , 1 , 4 , - , 5 ,," 451,646 "," 78,500 "," 27,275 ", - ," 557,421 ", 113 , - , - , 400 , - , - , 513 ," 6,451 "
57,인천,강화군,강화문화원,황완익,1947. 10. 9,인천 강화군 강화읍 남문로 52,032-932-0011,www.ganghwacc.org, 551 , 1 , 4 , - , 5 ,," 187,113 "," 24,500 "," 26,200 ", - ," 237,813 ", 67 , 113 , - , - , 56 , 30 , 266 ," 1,000 "
58,인천,옹진군,옹진문화원,태동철,2017.9.27,인천광역시 중구 서해대로 374(3층),032-891-2131,,75,1,3,-,4,,-,-,23000,-,23000,73,74,225,-,-,-,372,0
인천 총계,,인천 총계,10,,,,,,,,,,,,,,,,,,,,,,,,
59,광주,동구,동구문화원,조연탁,1998. 1. 19,광주 동구 금남로 231(금남로2가),062-225-5815,gjdonggu.kccf.or.kr, 582 , 1 , - , - , 1 ,," 72,800 "," 95,500 "," 9,081 ", - ," 177,381 ", 14 , - , - , 46 , - , 6 , 66 ," 3,827 "
60,광주,서구,서구문화원,정인서,1961.4. 19,광주 서구 풍금로 182(금호동),062-681-4174,cafe.daum.net/segu-curlture," 1,215 ", 1 , 1 , - , 2 ,," 71,660 "," 19,000 "," 20,024 ", - ," 110,684 ", 92 , - , 206 , - , - , 36 , 334 ," 4,800 "
61,광주,남구,남구문화원,성현출,1999. 3. 24,광주 남구 봉선로 208 남구종합문화예술회관 4층,062-671-7356,kjnamgu.co.kr, 974 , 1 , 2 , - , 3 ,," 348,200 "," 22,200 "," 40,856 ",," 411,256 ", 52 , 82 , - , - , - , - , 134 ," 3,700 "
62,광주,북구,북구문화원,오동오,1995. 6. 16,광주 북구 향토문화로 65 북구평생학습관 4층,062-527-7701,gjbukgu.kccf.or.kr, 805 , 1 , 1 , - , 2 ,," 92,800 "," 112,930 "," 30,412 ", - ," 236,142 ", 18 , - , 72 , 33 , - , - , 122 ," 3,300 "
63,광주,광산구,광산문화원,이현선,1965. 2. 25,광주 광산구 상무대로 265,062-941-3377,gjgwangsan.kccf.or.kr," 1,616 ", 1 , 2 , - , 3 ,," 171,460 "," 65,900 "," 30,813 ", - ," 268,173 ", 103 , - , 502 , - , - , - , 605 ," 3,859 "
광주 총계,,광주 총계,5,,,,,,,,,,,,,,,,,,,,,,,,
64,대전,동구,동구문화원,길공섭,1996. 12. 20,대전 동구 백룡로 20,042-623-7211,dgcc.or.kr, 213 , 1 , 2 , - , 3 ,," 219,251 "," 25,000 "," 65,202 ", - ," 309,453 ", 164 , - , 192 , 96 , 401 , 136 , 990 ," 17,450 "
65,대전,중구,중구문화원,노덕일,1953.4.25,대전 중구 대흥로 109,042-256-3684,djcc.or.kr, 253 , 1 , 3 , - , 4 ,," 368,614 "," 105,400 "," 205,852 "," 51,905 "," 731,771 ", 91 , - , 247 , 289 , - , - , 627 ," 24,200 "
66,대전,서구,서구문화원,이강춘,1994. 12. 22,대전 서구 계룡로 533번길 38(탄방동),042-488-5474,sgcc.or.kr, 91 , 1 , 7 , - , 8 ,," 372,615 "," 9,150 "," 518,172 "," 8,434 "," 908,371 ", 170 , - , 775 , 363 , 95 ," 7,763 "," 9,166 "," 25,550 "
67,대전,유성구,유성문화원,최재각,1994. 8. 9,대전 유성구 문화원로 46(궁동),042-823-3915,www.yuseong.or.kr, 199 , 1 , 4 , 2 , 7 ,," 540,891 "," 197,000 "," 159,920 "," 201,500 "," 1,099,311 ", 66 ,  -  , 297 , 230 , 199 , 338 ," 1,130 "," 40,000 "
68,대전,대덕구,대덕문화원,이종철,1994. 12. 22,대전 대덕구 대전로 1348(읍내동),042-627-7517,ddcc.or.kr, 348 , 1 , 2 , - , 3 ,," 320,930 "," 101,900 "," 40,524 "," 61,800 "," 525,154 ", 66 , - , - , - , - , - , 66 ," 15,500 "
대전 총계,,대전 총계,5,,,,,,,,,,,,,,,,,,,,,,,,
69,울산,중구,중구문화원,박문태,2000. 7. 1,울산 중구 새즈믄해거리 37,052-244-2007,www.munhwa21.org, 500 , 1 , 3 , - , 4 ,," 542,000 "," 53,000 "," 91,000 "," 23,100 "," 709,100 ", 372 , - , - , - , - ," 1,277 "," 1,649 "," 5,300 "
70,울산,남구,남구문화원,김성용,2001. 10. 21,울산 남구 번영로 224; 1층,052-266-3786,www.ng518.kr, 598 , 1 , 5 , - , 6 ,," 364,943 "," 44,000 "," 71,757 "," 65,476 "," 546,176 ", 54 , - , - , 133 ,, 415 , 602 ," 31,000 "
71,울산,동구,동구문화원,한태곤,2001. 7. 2,울산 동구 화진6길 4; 1층(화정동),052-251-2261,www.udcc.or.kr, 91 , 1 , 1 , - , 2 ,," 118,000 "," 10,000 "," 41,540 ", - ," 169,540 ", 30 , 220 , - , - , - , 50 , 300 ," 5,120 "
72,울산,북구,북구문화원,박기수,2003. 9. 26,울산 북구 산업로 1104(송정동),052-294-2222,www.ubcc.or;kr, 319 , 1 , 1 , - , 2 ,," 220,130 ",   ," 67,578 ",     ," 287,708 ", 71 , 11 , 150 , 24 ,  -  , 101 , 357 ," 2,500 "
73,울산,울주군,울주문화원,노진달,1999. 9. 15,울산 울주군 온양읍 외고산1길 4-19 울주민속박물관,052-229-8406,www.ulju.or.kr, 707 , 1 , 7 , - , 8 ,," 655,037 "," 65,000 "," 80,328 "," 103,628 "," 903,993 ", 44 , - , - , 447 , 124 , - , 615 ," 72,524 "
울산 총계,,울산 총계,5,,,,,,,,,,,,,,,,,,,,,,,,
74,세종,세종특별자치시,세종문화원,임영이,1964. 10. 14,세종특별자치시 조치원읍 문화로 17,044-865-2411~2,www.sejongcult.or.kr, 411 , 1 , 5 , - , 6 ,," 551,600 "," 66,000 "," 22,200 "," 13,052 "," 652,852 ", 165 , - , 561 , 165 , 36 , 788 ," 1,715 "," 2,850 "
세종특별자치시 총계,,세종특별자치시 총계,1,,,,,,,,,,,,,,,,,,,,,,,,
75,경기,수원시,수원문화원,염상덕,1956. 10. 28,경기 수원시 팔달구 팔달산로 28,031-244-2161,suwonsarang.com," 1,000 ", 1 , 14 , - , 15 , - ," 1,389,818 ", - ," 271,500 ", - ," 1,661,318 ", 116 , 138 , 604 , - , - ," 2,454 "," 3,312 "," 150,000 "
76,경기,성남시,성남문화원,김대진,1978. 7. 5,경기 성남시 수정구 산성대로 215번길 7,031-756-1082,seongnamculture.or.kr, 73 , 1 , 2 , - , 3 ,," 710,771 "," 186,800 "," 73,266 ", - ," 970,837 ", 151 , 64 , 391 , 65 , - , 521 ," 1,191 "," 68,000 "
77,경기,의정부시,의정부문화원,조수기,1989. 12. 23,경기 의정부시 산단로 123(신곡동),031-872-5678,www.ujbcc.or.kr, 685 , 1 , 3 , - , 4 ,," 843,127 "," 26,000 "," 154,824 "," 21,000 "," 1,044,951 ", 76 , 135 , 284 , 90 , 182 ," 1,270 "," 2,036 "," 68,000 "
78,경기,안양시,안양문화원,정변규,1970. 1. 10,경기 안양시 만안구 현충로 53,031-449-4499,anyangculture.or.kr," 1,256 ", 1 , 3 , - , 4 ,," 115,400 "," 4,335 "," 214,123 ", - ," 333,858 ", 43 , 76 , 208 , 142 , - ," 2,179 "," 2,648 "," 30,000 "
79,경기,부천시,부천문화원,박형재,1966. 3. 14,경기 부천시 경인로 92번길 33 4층,032-651-3739,www.bucheonculture.or.kr, 330 , 1 , 6 , - , 7 ,," 876,830 "," 14,600 "," 79,837 ", - ," 971,267 ", 75 , 138 , 449 , 325 , - , 444 ," 1,431 "," 112,099 "
80,경기,광명시,광명문화원,안성근,1992. 4. 10,경기 광명시 철망산로 42,02-2618-5800,gmcc.or.kr, 485 , 1 , 6 , - , 7 ,," 621,741 "," 68,960 "," 189,027 "," 2,090 "," 881,818 ", 66 ,  -  ," 2,273 ",  -  ,  -  ,  -  ," 2,339 "," 49,072 "
81,경기,평택시,평택문화원,김은호,1971. 2. 20,경기 평택시 중앙로 277(남부문화예술회관 3층),031-655-2002,ptmunhwa.or.kr, 100 , 1 , 14 , - , 15 ,," 1,250,811 "," 79,842 "," 309,613 ", - ," 1,640,266 ", 104 , - , - , - , - , 44 , 148 ," 30,000 "
82,경기,동두천시,동두천문화원,정경철,1961. 3. 5,경기 동두천시 어수로4(상패동) 시민회관,031-865-2923,munhwawon.com, 215 , 1 , 1 , - , 2 ,," 197,085 "," 64,746 "," 29,062 "," 20,594 "," 311,487 ", 60 , - , - , - , - , - , 60 ," 5,200 "
83,경기,안산시,안산문화원,김봉식,1988. 2. 3,경기 안산시 상록구 석호로 144(사동),031-415-0041,ansanculture.or.kr, 226 , 1 , 6 , - , 7 ,," 887,046 "," 14,000 "," 202,167 "," 4,400 "," 1,107,613 ", 143 , - , 196 , 348 , 72 ," 1,234 "," 1,993 "," 66,500 "
84,경기,고양시,고양문화원,방규동,1984. 2. 23,경기 고양시 일산서구 한류월드로 280,031-963-0600,goyangcc.or.kr, 323 , 1 , 4 , - , 5 ,," 681,386 "," 51,000 "," 63,811 "," 277,642 "," 1,073,839 ", 96 , - , 663 , - , - ," 1,555 "," 2,315 "," 54,000 "
85,경기,과천시,과천문화원,이용석,1991. 3. 28,경기 과천시 문원로 40-1(문원동 31-7),02-504-6513,gccc.or.kr, 82 , 1 , 7 , - , 8 ,," 537,944 "," 23,000 "," 86,600 "," 232,870 "," 880,414 ", 149 , - , 231 , 451 , 125 ," 3,337 "," 4,293 "," 25,535 "
86,경기,구리시,구리문화원,김문경,1991. 10. 4,경기 구리시 동구릉로 217-14,031-557-6383,gurimh.or.kr, 515 , 1 , 2 , - , 3 ,," 256,000 "," 28,000 "," 87,900 "," 23,500 "," 395,400 ", 300 , 100 , 300 , - , 50 , 50 , 800 ," 25,100 "
87,경기,남양주시,남양주문화원,이보긍,1981. 5. 25,경기 남양주시 경춘로 883-3(금곡동 754-5),031-592-0667,nyj.or.kr, 358 , 1 , 1 , - , 2 ,," 170,000 "," 10,000 "," 56,480 ", - ," 236,480 ", 118 , 85 , 283 , - , 47 , - , 533 ," 4,560 "
88,경기,오산시,오산문화원,공창배,1994. 6. 16,경기 오산시 오산천로 275,031-375-7755,oscc.or.kr, 196 , 1 , 1 , - , 2 ,," 278,796 "," 13,000 "," 22,882 ", - ," 314,678 ", 44 , 69 , - , - , - , 17 , 130 , 625 
89,경기,시흥시,시흥문화원,정원철,1996. 12. 10,경기 시흥시 연성로 13번길 3 조은프라자 4층(하중동),031-317-0827,shculture.or.kr, 463 , 1 , 3 , - , 4 ,," 326,000 "," 52,000 "," 59,000 ", - ," 437,000 ", 100 , 170 , 83 , 204 , 60 , 166 , 783 ," 1,692 "
90,경기,군포시,군포문화원,박계일,1994. 4. 21,경기 군포시 한세로 56번길 12,031-397-0195,gpmunhwa.or.kr, 108 , 1 , - , - , 1 ,," 35,831 "," 30,000 ", - , - ," 65,831 ", 100 , - ," 1,264 ", 337 , 463 ," 1,496 "," 3,660 "," 1,360 "
91,경기,의왕시,의왕문화원,한봉우,1999. 9. 29,경기 의왕시 백운로 23(오전동),031-456-4994,uwcc.or.kr, 112 , 1 , 1 , - , 2 ,," 330,909 "," 9,000 "," 104,072 ", - ," 443,981 ", 101 , 66 , 345 , - , - ," 1,139 "," 1,651 "," 6,000 "
92,경기,하남시,하남문화원,유병기,1996. 6. 11,경기 하남시 덕풍동로 12,031-795-1020,hanamculturecenter.kr, 500 , 1 , 2 , - , 3 ,," 240,060 "," 3,000 "," 38,333 ", - ," 281,393 ", 100 , 70 , 471 , 200 , 70 , 169 ," 1,080 "," 25,000 "
93,경기,용인시,용인문화원,조길생,1954. 4. 7,경기 용인시 처인구 중부대로 1199 문화예술원 3층,031-324-9600,ycc50.org, 376 , 1 , 5 , - , 6 ,," 402,895 ", 740 ," 144,048 ", - ," 547,683 ", 69 , 50 , 144 , - , 36 , 395 , 694 ," 115,300 "
94,경기,파주시,파주문화원,이용근,1967. 12. 19,경기 파주시 와석순환로 415(운정행복센터; 행정동 2층),031-941-2425,pajucc.or.kr, 398 , 1 , 3 , - , 4 ,," 968,600 "," 6,000 "," 124,864 ", - ," 1,099,464 ", 109 , - , - , - , - , 410 , 519 ," 31,250 "
95,경기,이천시,이천문화원,조명호,1963. 5. 10,경기 이천시 영창로 163번길 19(관고동),031-635-2316,cc2000.or.kr, 939 , 1 , 3 , - , 4 ,," 380,590 "," 10,000 "," 136,158 "," 18,500 "," 545,248 ", 76 , - , 96 , - , - , 191 , 363 ," 25,765 "
96,경기,안성시,안성문화원,양장평,1965. 5. 10,경기 안성시 보개면 종합운동장로 203 문예회관 2층,031-673-2625,http://www.ascc.or.kr/, 415 , 1 , 2 , - , 3 ,," 228,066 "," 28,000 "," 46,358 ", - ," 302,424 ", 394 , - , - , 169 , - , - , 563 ," 7,580 "
97,경기,김포시,김포문화원,이하준,1964. 10. 13,경기 김포시 김포한강11로 20,031-982-1110,gimpo.kccf.or.kr, 295 , 1 , 2 ,  -  , 3 ,," 269,813 "," 68,000 "," 72,750 "," 5,000 "," 415,563 ", 165 ,  -  ,  -  ,  -  ,  -  ,  -  , 165 ," 3,000 "
98,경기,화성시,화성문화원,고정석,1964. 12. 9,경기 화성시 향남읍 발안로 89,031-353-6330,hscc.or.kr, 380 , 1 , 3 , - , 4 ,," 490,069 "," 22,000 "," 83,414 ", - ," 595,483 ", 90 , 90 , 168 , 109 , 90 , - , 548 ," 7,174 "
99,경기,광주시,광주문화원,박기준,1987. 1. 16,경기 광주시 문화로 85번길 19-12,031-764-0686,gjcc.or.kr, 169 , 1 , 2 , - , 3 ,," 336,366 "," 30,500 "," 199,121 ",  -  ," 565,897 ", 122 , 162 , 201 , 234 ,  -  , 843 ," 1,562 "," 30,000 "
100,경기,양주시,양주문화원,홍성준,1988. 2. 17,경기 양주시 삼일로 29번길 20,031-836-6467,yangju.org, 286 , 1 , 1 , - , 2 ,," 154,000 "," 16,200 "," 76,753 ", - ," 246,953 ", 190 , 344 , 236 , - , - , - , 770 ," 1,500 "
101,경기,포천시,포천문화원 ,양윤택,1986. 7. 12,경기 포천시 중앙로 34번길 8,031-532-5015,pcmh.or.kr, 373 , 1 , 3 , - , 4 ,," 268,000 "," 35,800 "," 135,454 ", - ," 439,254 ", 130 , 57 , 208 , 262 , 57 , 972 ," 1,686 "," 10,000 "
102,경기,여주시,여주문화원,김문영,1970. 2.17,경기 여주시 신륵사길 6-6,031-883-3450,yeojucc.co.kr, 748 , 1 , 1 , - , 2 ,," 446,376 "," 18,440 ", - , - ," 464,816 ", 94 , - , - , - , - , - , 94 ," 11,650 "
103,경기,연천군,연천문화원,이경순,1987. 8. 27,경기 연천군 연천읍 문화로 143,031-834-2350,caf?.daum.net/ycclove, 180 , 1 , 1 , - , 2 ,," 137,500 "," 20,000 "," 25,000 ", - ," 182,500 ", 192 , 218 , - , 258 , - , - , 668 ," 1,500 "
104,경기,가평군,가평문화원,김만종,1986. 12. 22,경기 가평군 가평읍 문화로 131,031-582-2016,gpc.or.kr, 330 , 1 , 1 , - , 2 ,," 222,300 ",, - , - ," 222,300 ", 33 , - , - , - , - , - , 33 ," 2,030 "
105,경기,양평군,양평문화원,장재찬,1983. 3. 30,경기 양평군 강평읍 마유산로 5,031-771-3866,ypculture.org, 400 , 1 , 3 , - , 4 ,," 648,351 "," 13,000 "," 58,056 ",  -  ," 719,407 ", 167 , 33 , 271 , 184 , 95 , 937 ," 1,685 "," 20,768 "
경기 총계,,경기 총계,31,,,,,,,,,,,,,,,,,,,,,,,,
106,강원,춘천시,춘천문화원,류종수,1952. 4. 1,강원 춘천시 퇴계농공로 40(퇴계동),033-254-5105,ccmunhwa.or.kr, 230 , 1 , 4 , - , 5 ,," 1,119,512 "," 11,000 "," 130,479 ", - ," 1,328,391 ", 62 , 40 , 112 , 139 , 80 ," 1,238 "," 1,670 "," 15,000 "
107,강원,원주시,원주문화원,박순조,1946.1.3,강원 원주시 일산로 72,033-764-3794,www.wjmunwha.or.kr, 200 , 1 , 4 , - , 5 ,," 433,105 ", - ," 86,279 ", - ," 519,384 ", 60 , - , 547 , 258 , 50 , 792 ," 1,708 "," 23,500 "
108,강원,강릉시,강릉문화원,최돈설,1965. 4. 29,강원 강릉시 하슬라로 96,033-823-3014,http://www.gncc.or.kr, 103 , 1 , 16 , 1 , 18 ,," 1,396,880 "," 1,045,210 "," 348,963 "," 979,345 "," 3,770,398 ", 282 , 151 , 923 , - , 83 , 718 ," 2,156 "," 90,000 "
109,강원,동해시,동해문화원,홍경표,1982. 11. 23,강원 동해시 평원로 17,033-531-3298,http://donghaecc.co.kr, 169 , 1 , 3 , - , 4 ,," 619,152 ",," 70,739 ", - ," 689,891 ", 103 , 77 , 260 ,, 58 ," 1,168 "," 1,666 "," 20,000 "
110,강원,태백시,태백문화원,송은영,1984. 8. 17,강원 태백시 태백로 1136,033-553-3160,taebaekculture.com, 33 , 1 , 2 , - , 3 ,," 139,000 "," 14,000 "," 30,000 ", - ," 183,000 ", 65 , 57 , 194 , - , - , 736 ," 1,052 ", 467 
111,강원,속초시,속초문화원,김계남,1965. 3. 22,강원 속초시 번영로 155(영랑동),033-632-1231,http://www.sokcho-culture.com/, 684 , 1 , 2 , - , 3 ,," 231,000 "," 74,140 "," 21,000 ", - ," 326,140 ", 55 , - , 130 , - , - , - , 185 ," 19,420 "
112,강원,삼척시,삼척문화원,김대화,1956. 8. 10,강원 삼척시 오십천로 408(읍중동),033-573-2882,samcheok.kccf.or.kr, 296 , 1 , 3 , - , 4 ,," 203,700 "," 17,000 "," 64,076 ", - ," 269,206 ", 95 , 80 , 212 , 112 , 38 , 393 , 929 ," 10,240 "
113,강원,홍천군,홍천문화원,김종은,1976. 5. 15,강원 홍천군 홍천읍 연봉중앙로 11-8,033-433-2080,www.hccc.co.kr, 384 , 1 , 2 , - , 3 ,," 213,660 "," 14,720 "," 92,671 "," 5,700 "," 326,751 ", 100 , 20 , 874 , - , - , 432 ," 1,426 "," 29,000 "
114,강원,횡성군,횡성문화원,박순업,1964.11.8.,강원도 횡성군 횡성읍 앞들서3로 6,033-343-2271,www.hs-culture.or.kr, 175 , 1 , 2 , - , 3 ,," 279,340 "," 4,152 "," 19,120 ", - ," 302,612 ", 65 , - , - , - , 58 , 243 , 366 ," 5,000 "
115,강원,영월군,영월문화원,엄흥용,1964. 11. 8,강원 영월군 영월읍 단종로 12,033-373-3434,http://yeongwol.kccf.or.kr, 251 , 1 , 1 , - , 2 ,," 305,654 "," 3,000 "," 43,551 ", - ," 352,205 ", 37 , 37 , - , - , 25 , 25 , 124 ," 4,815 "
116,강원,평창군,평창문화원,이욱환,1964. 12. 30,강원 평창군 평창읍 문화예술길 53,033-332-3546,www.pycc.or.kr, 137 , 1 , 2 , - , 3 ,," 255,398 "," 28,590 "," 14,601 ", - ," 298,589 ", 59 ,               - ,               - , 244 ,               - ,               - , 303 ,"3,730"
117,강원,정선군,정선문화원,윤형중,1983. 8. 19,강원 정선군 정선읍 봉양5길 43,033-563-5482,www.jscc.or.kr, 529 , 1 , 3 , - , 4 ,," 577,790 ", - ," 92,180 "," 21,500 "," 691,470 ", 83 , 40 , - , - , 83 , 279 , 485 ," 10,000 "
118,강원,철원군,철원문화원,양원석,1969. 10 .6,강원 철원군 갈말읍 삼부연로 51,033-452-6235,cheorwon.kccf.or.kr, 174 , 1 , 1 , - , 2 ,," 214,940 "," 19,800 "," 44,070 ", - ," 278,810 ", 32 , - , 182 , 158 , - , 267 , 639 ," 12,235 "
119,강원,화천군,화천문화원,이화영,1969. 10. 6,강원 화천군 화천읍 상승로 91,033-442-2507,www.hcmunhwa.or.kr, 236 , 1 , 2 , - , 3 ,," 430,983 ", - ," 13,200 ", - ," 444,183 ", 150 , 50 , 350 , 200 , - , 500 ," 1,250 "," 9,500 "
120,강원,양구군,양구문화원,박광준,1994. 9. 12,강원 양구군 양구읍 비봉로 73번길 52 문화복지센터 2층,033-481-2681,"http://yanggu.kccf.or.kr
", 204 , 1 , 1 , - , 2 ,," 238,000 "," 14,000 "," 32,000 ",  -  ," 284,000 ", 75 ,  -  ,  -  ,  -  ,  -  ,  -  , 75 ," 5,000 "
121,강원,인제군,인제문화원,남덕우,1994. 9. 12,강원 인제군 인제읍 비봉로 44번길 100; 4층,033-461-6678,www.injeculture.org, 437 , 1 , 2 , - , 3 ,," 425,740 "," 10,000 "," 45,704 ", - ," 481,444 ", 54 , - , - , - , - , - , 54 ," 2,500 "
122,강원,고성군,고성문화원,주기창,1984. 1. 6,강원 고성군 간성읍 간성로 71-7,033-681-2922,www.goseongcul.com, 298 , 1 , 2 , - , 3 ,," 182,800 "," 23,500 "," 40,763 ", - ," 247,063 ", 80 , - , - , - , - , 78 , 158 ," 2,152 "
123,강원,양양군,양양문화원,윤여준,1971. 5. 14,강원 양양군 양양읍 양양로 114-5,033-671-8762,www.yangyang.or.kr, 274 , 1 , 3 , - , 4 ,," 230,683 "," 16,200 "," 23,908 "," 17,200 "," 287,991 ", 115 , 99 , - , - , - , 165 , 379 ," 7,832 "
강원 총계,,강원 총계,18,,,,,, - ,,,,,,,,,,,,,,,,,,
124,충북,청주시,청주문화원,박상일,1957. 12. 5,충북 청주시 상당구 단재로 361; 청주시 문화회관,043-265-3624,www.cjmh.or.kr, 453 , 1 , 5 , - , 6 ,," 1,373,960 "," 19,000 "," 133,320 ",," 1,526,280 ", 137 , 55 , 138 , - , 84 , 347 , 762 ," 124,648 "
125,충북,충주시,충주문화원,손창일,1965. 3. 22,충북 충주시 탄금대안길 33(칠금동),043-847-3906,www.cjculture.org, 227 , 1 , 1 , - , 2 ,," 381,571 "," 47,698 "," 38,000 ",," 459,000 ", 66 ,, 181 , 50 , 132 , 158 , 587 ," 45,000 "
126,충북,제천시,제천문화원,이해권,1958. 10. 3,충북 제천시 의림대로 125(시민회관 3층),043-642-3646,jecheoncc.or.kr, 161 ,1 ,1 ,0 ,2 ,," 127,100 "," 57,170 "," 20,956 ",," 205,226 ", 144 , 200 , 302 , 720 , 26 , 16 ," 1,407 "," 23,000 "
127,충북,보은군,보은문화원,구왕회,1964. 10. 13,충북 보은군 보은읍 뱃들로 54,043-544-2314,http://www.becc.or.kr, 455 , 1 , 1 , - , 2 ,," 421,562 "," 13,000 "," 62,565 ", - ," 497,127 ", 46 , 252 , - , 252 , 45 , 862 ," 1,457 "," 20,000 "
128,충북,옥천군,옥천문화원,김승룡,1967. 3. 28,충북 옥천군 옥천읍 관성로 35,043-733-5588,www.okcc.or.kr, 310 , 1 , - , 4 , 5 ,," 610,820 ", - ," 85,838 ", - ," 696,658 ", 42 , - , 756 , 90 , - ," 1,781 "," 2,669 "," 35,000 "
129,충북,영동군,영동문화원,배광식,1965.01.26,충북 영동군 영동읍 영동천 2길 29,043-742-2215,yeongdong.kccf.or.kr, 237 , 1 , 1 , - , 2 ,," 536,052 "," 7,387 "," 10,458 ", - ," 553,897 ", 56 , 67 , 134 , 94 , 61 , 543 , 955 ," 40,000 "
130,충북,증평군,증평문화원,김장응,1992. 8. 28,충북 증평군 증평읍 문화로 75,043-836-3400,www.jpcc.or.kr," 1,877 ", 1 , 2 , - , 3 ,," 720,689 "," 12,500 "," 30,000 ",  -  ," 763,189 ", 67 ,  -  ,  -  , 224 ,  -  ,  -  , 291 ," 81,037 "
131,충북,진천군,진천문화원,장주식,1956.11.26,충북 진천군 진천읍 문화로 79,043-533-2742,jincheon.kccf.or.kr, 103 , 1 , 1 , - , 2 ,," 748,000 "," 9,670 "," 32,453 ", - ," 790,123 ", 78 , - , 359 , 292 , - , - , 730 ," 350,000 "
132,충북,괴산군,괴산문화원,장재영,1962.02.15,충북 괴산군 괴산읍 읍내로 266 괴산문화예술회관,043-832-3588,www.gscc.or.kr, 150 , 1 , 1 , - , 2 ,," 130,000 ",  -  ," 12,000 ",  -  ," 142,000 ", 991 ,  -  ,  -  ,  -  ,  -  ,  -  , 991 ," 15,000 "
133,충북,음성군,음성문화원,이한철,1958. 2. 20.,충북 음성군 음성읍 수정로 38,043-872-4084,www.eumseong.or.kr , 550 , 1 , 1 , - , 2 ,," 445,659 "," 31,741 "," 15,000 ", - ," 492,400 ", 40 , 40 , 160 , 160 , 40 , 56 , 496 ," 241,138 "
134,충북,단양군,단양문화원,김대열,1971. 8. 4,충북 단양군 단양읍 중앙1로 32,043-423-0701,danyang.kccf.or.kr, 51 , 1 , 1 , - , 2 ,," 742,000 ", 400 , - ," 19,800 "," 762,200 ", 120 , - , - , - , - , - , 120 ," 100,000 "
충북 총계,,충북 총계,11,,,,,,,,,,,,,,,,,,,,,,,,
135,충남,천안시,천안문화원,(代)현인숙,1954. 7. 10,충남 천안시 동남구 옛농고7길 11-1,041-562-9611,http://cheonan.cult21.or.kr, 312 , - , 2 , - , 2 ,, - , - ," 50,071 ", - ," 50,071 ", 150 , 100 , - , - , 50 , - , 300 ," 18,000 "
136,충남,천안시,천안시동남구문화원,조성오,1958. 4. 20,충남 천안시 동남구 병천면 아우내순대길 29,041-564-1022,aunae.cult21.or.kr, 188 , 1 , 1 , - , 2 ,," 180,000 "," 10,000 "," 1,450 "," 10,800 "," 202,250 ", 45 , 66 , 139 , 80 , 66 , 92 , 488 ," 1,304 "
137,충남,천안시,천안시서북구문화원,이종석,1963. 5. 10,충남 천안시 서북구 성환읍 성환3로 7-11,041-581-2101,http://www.cnkccf.or.kr/sunghwan.do , 236 , 1 , 1 , - , 2 ,," 187,900 ", - ," 20,833 ", - ," 208,733 ", 26 , 29 , 93 , - , 45 , 83 , 276 ," 10,000 "
138,충남,공주시,공주문화원,최창석,1954. 12. 16,충남 공주시 대통1길 66(반죽동),041-852-9005,http://www.cnkccf.or.kr/gongju.do , 615 , 1 , 2 , - , 3 ,," 410,900 "," 50,000 "," 107,443 ",," 568,343 ", 127 , 120 , 420 , 320 , 300 , 872 ," 2,159 "," 35,000 "
139,충남,보령시,보령문화원,송양훈,1956. 3. ,충남 보령시 대흥로 63,041-934-3061,www.cnkccf.or.kr/boryeong.do, 357 , 1 , 1 , - , 2 ,," 231,600 ", - ," 66,437 ", - ," 298,037 ", 64 , 109 , 410 , - , - , 265 , 848 ," 50,000 "
140,충남,아산시,온양문화원,정종호,1957. 5. 10,충남 아산시 남산로 28,041-545-2222,www.cnkccf.or.kr/onyang.do, 581 , 1 , 3 , - , 4 ,," 353,097 "," 51,400 "," 39,637 "," 35,378 "," 479,512 ", 50 , - , 185 , 138 , 132 , 319 , 824 ," 50,500 "
141,충남,서산시,서산문화원,이준호,1965. 2. 11,충남 서산시 부춘공원 2로 11,041-669-5050,www.cnkccf.or.kr/seosan.do, 327 , 1 , 4 , - , 5 ,," 1,405,893 "," 39,000 "," 123,707 ", - ," 1,568,600 ", 78 , 76 , 202 , 142 , 71 ," 1,315 "," 1,883 "," 24,000 "
142,충남,논산시,논산문화원,류제협,1964. 12. 30,충남 논산시 관촉로 113-16,041-732-2395,www.cnkccf.or.kr/nonsan.do, 330 , 1 , 4 ,  -  , 5 ,," 953,100 "," 23,500 "," 33,030 ",  -  ," 1,009,630 ", 96 , 93 , 265 , 253 , 48 , 978 ," 1,733 "," 22,800 "
143,충남,당진시,당진문화원,유종인,1955. 9. 10.,충남 당진시 남산공원길 151-16,041-354-2367,www.cnkccf.or.kr/dangjin.do, 665 , 1 , 2 , - , 3 ,," 298,780 "," 21,500 "," 74,326 ", - ," 394,606 ", 57 , - , 180 , 161 ,, 367 , 766 ," 50,000 "
144,충남,금산군,금산문화원,이철주,1967.11.18,충남 금산군 금산읍 금산로 1559(금산다락원 내),041-754-2724,www.cult21.or.kr, 430 , 1 , 3 , - , 4 ,," 537,670 ", - ," 28,586 ", - ," 566,256 ", 94 , 99 , - , - ,#VALUE!, - ,#VALUE!," 2,100 "
145,충남,부여군,부여문화원,정찬국,1954. 3. 1,충남 부여군 부여읍 의열로 43,041-835-3318,www.cnkccf.or.kr/buyeo.do, 256 , 1 , 3 , - , 4 ,," 1,118,432 "," 150,000 "," 38,192 "," 20,000 "," 1,326,624 ", 125 , 72 , 375 , 360 , 54 , 477 ," 1,463 "," 20,000 "
146,충남,서천군,서천문화원,조순희,1965. 1. 26,충남 서천군 서천읍 화금서길 29-18,041-953-0123,www.cnkccf.or.kr/seocheon.do, 520 , 1 , 1 , - , 2 ,," 251,870 "," 84,778 "," 41,932 ", - ," 378,580 ", 63 , 53 , 235 , 46 , 56 , 159 , 611 ," 10,570 "
147,충남,청양군,청양문화원,이진우,1965. 2. 11,충남 청양군 청양읍 중앙로 129,041-943-4774,www.cnkccf.or.kr/cheongyang.do, 261 , 1 , 4 , - , 5 ,," 217,750 "," 20,800 "," 53,311 "," 64,150 "," 356,011 ", 26 , - , 43 , 40 , 149 , 314 , 571 ," 25,000 "
148,충남,홍성군,홍성문화원,유환동,1954. 3. 31,충남 홍성군 홍성읍 충절로 951번길 16,041-632-3613,http://hscc.co.kr, 242 , 1 , 3 , - , 4 ,," 365,100 ",," 73,964 "," 85,000 "," 524,064 ", 68 , 47 , 425 , 186 , 93 ," 1,176 "," 1,996 "," 40,000 "
149,충남,예산군,예산문화원,김시운,1955. 10. 15,충남 예산군 예산읍 천변로 90번길 3,041-333-2441,yesan.cult21.or.kr," 11,197 ", 1 , 3 , - , 4 ,," 475,025 "," 13,105 "," 4,713 ", - ," 492,843 ", 91 , 36 , 164 , 199 , - , 648 ," 1,137 "," 3,966 "
150,충남,태안군,태안문화원,김한국,1990. 6. 5,충남 태안군 태안읍 백화로 192,041-674-2192,http://www.cnkccf.or.kr/taean.do, 305 , 1 , 3 , - , 4 ,," 251,173 "," 48,370 "," 65,888 "," 8,865 "," 374,296 ", 124 , 63 , 493 , 211 , 130 , 383 ," 1,404 "," 15,000 "
충남 총계,,충남 총계,16,,,,,,,,,,,,,,,,,,,,,,,,
151,전북,전주시,전주문화원,나종우,1965. 4. 3.,전북 전주시 덕진구 팔달로 340-30,063-255-3360,jeonju.kccf.or.kr, 270 , 1 , 1 , - , 2 ,," 105,055 "," 28,870 ", - , - ," 126,055 ", 132 , 50 , 83 , - , 122 , 142 , 529 ," 4,600 "
152,전북,군산시,군산문화원,이진원,1994. 9. 3,전북 군산시 대학로 330,063-451-2138,gunsan.kccf.or.kr, 210 , 1 , 1 , - , 2 ,," 231,900 "," 11,000 "," 4,340 ", - ," 247,240 ", 103 , - , 132 , - , 72 , 72 , 379 ," 4,713 "
153,전북,익산시,익산문화원,김태현,1991. 1. 17,전북 익산시 선화로 529(어양동),063-835-0120,iksan.kccf.or.kr, 490 , 1 , 1 , - , 2 ,," 171,000 "," 16,570 "," 40,183 ", - ," 227,753 ", 45 , 55 , 240 , 480 , 22 , 679 ," 1,521 "," 52,530 "
154,전북,정읍시,정읍문화원,김영수,1964. 11. 4,전북 정읍시 조곡천 1길 1,063-532-0222,jeongeup.kccf.or.kr, 891 , 1 , 1 , - , 2 ,," 206,600 "," 24,000 "," 11,521 ", - ," 242,121 ", 196 , 196 , - , - , - , - , 391 ," 1,260 "
155,전북,남원시,남원문화원,김찬기,1964. 9. 5,전북 남원시 광한북로 57(남원시의회별관 3층),063-633-1582,www.namwoncc.org, 165 , 1 , 2 , - , 3 ,," 133,600 "," 11,000 "," 9,300 ", - ," 184,487 ", 144 , - , - , 288 , 152 , - , 584 ," 1,500 "
156,전북,김제시,김제문화원,김선유,1967. 3. 31,전북 김제시 서암5길 5(구 예술회관 3층),063-547-4659,gimje.kccf.or.kr, 907 , 1 , 1 , - , 2 ,," 182,300 "," 69,750 ", - , - ," 252,050 ", 96 , - , - , - , - , 185 , 281 ," 3,012 "
157,전북,완주군,완주문화원,이행구,1972.1.1,전북 완주군 고산면 읍내7길 43,063-263-0222,wanju.kccf.or.kr, 210 , 1 , 2 , - , 3 ,," 169,780 "," 68,000 "," 1,170 ",  -  ," 238,950 ", 84 , 100 , 16 , 84 , 50 , 211 , 545 ," 3,160 "
158,전북,진안군,진안문화원,이재명,1991. 4. 27,전북 진안군 진안읍 중앙로 66,063-433-1674,jinan.or.kr, 252 , 1 , 1 , - , 2 ,," 330,600 ",," 8,805 ", - ," 339,405 ", 137 , - , 309 , - , 88 , - , 534 ," 14,800 "
159,전북,무주군,무주문화원,김내생,1989. 12. 25,전북 무주군 무주읍 최북로 15,063-324-1300,muju.kccf.or.kr/, 372 , 1 , 1 , 1 , 3 ,," 312,230 "," 24,870 "," 35,292 ", - ," 372,392 ", 36 , - , - , - , - , - , 36 ," 5,000 "
160,전북,장수군,장수문화원,권승근,1940. 07. 04,전북 장수군 장수읍 한누리로 393,063-351-5349,jangsu.kccf.or.kr, 201 , 1 , 2 , - , 3 ,," 196,200 "," 67,500 "," 4,159 ", - ," 267,859 ", 207 , - , - , - , - , - , 150 ," 1,000 "
161,전북,임실군,임실문화원,최성미,1964. 12. 24,전북 임실군 임실읍 호국로 1640,063-642-2211,imsil.kccf.or.kr, 360 ,1 ,1 ,1 ,3 ,," 183,000 "," 29,000 "," 4,500 ", - ," 216,500 ", 48 , 70 , 206 , 236 , 123 , 858 ," 1,541 "," 15,000 "
162,전북,순창군,순창문화원,김기곤,1965. 1. 26,전북 순창군 순창읍 장류로 407-11,063-653-2069,scmw.or.kr, 380 , 1 , 1 , - , 2 ,," 156,940 "," 61,870 "," 6,700 ", 128 ," 225,638 ", 61 , - , - , - , 70 , - , 131 ," 10,080 "
163,전북,고창군,고창문화원,송영래,1965. 2. 25,전북 고창군 고창읍 천변북로 119,063-564-2340,gcculture.com, 470 , 1 , 2 , 6 , 9 ,," 146,755 "," 71,920 "," 155,828 "," 55,000 "," 429,503 ", 81 , 80 , 155 ,  -  , 107 , 887 ," 1,310 "," 30,000 "
164,전북,부안군,부안문화원,김원철,1987. 5. 28,전북 부안군 부안읍 매창로 89,063-583-2101,buan.kccf.or.kr, 300 , 1 , 1 , - , 2 ,," 225,800 "," 33,900 ", - , - ," 259,700 ", 99 , - , 66 , 66 , - , 166 , 398 ," 6,000 "
전북 총계,,전북 총계,14,,,,,,,,,,,,,,,,,,,,,,,,
165,전남,목포시,목포문화원,김정기,1965. 7. 24,전남 목포시 해안로 249번길 34(상락동 1가),061-244-0044,mokpoculture.or.kr, 500 , 1 , 1 , - , 2 ,," 209,910 "," 83,050 "," 31,258 "," 31,840 "," 356,058 ", 79 , - , 99 , - , - , 106 , 284 ," 3,500 "
166,전남,여수시,여수문화원,임용식,1999. 2. 9,전남 여수시 이순신광장로 200-7,061-663-0331,yeosuculture.or.kr, 637 , 1 , 2 , - , 3 ,," 214,600 ", - ," 66,000 ", - ," 280,600 ", 82 , 133 , 385 , 144 , 78 , 403 ," 1,225 "," 12,000 "
167,전남,순천시,순천문화원 ,유길수,1965. 3. 22,전남 순천시 장명로 58(장천동),061-742-1010,sccc.or.kr, 330 , 1 , 2 , - , 3 ,, - ," 6,000 "," 230,000 ", - ," 236,000 ", 126 , 85 , 96 , 132 , 84 , 153 , 676 , 150 
168,전남,나주시,나주문화원,임경렬,1961. 3. 15,전남 나주시 시청길 22(송월동),061-332-5115,najuculture.or.kr," 1,350 ", 1 , 1 , - , 2 ,," 301,453 "," 47,961 "," 14,946 "," 20,000 "," 384,360 ", 43 , 150 , - , - , - , - , 193 ," 3,520 "
169,전남,광양시,광양문화원,김종호,1965. 1. 26,전남 광양시 광양읍 매천로 829,061-761-3322,www.ccgy.or.kr, 986 , 1 , 1 , 1 , 3 ,," 170,000 "," 8,500 "," 48,323 "," 111,252 "," 338,075 ", 149 , 115 , - , 462 , - , 33 , 759 ," 10,780 "
170,전남,담양군,담양문화원,이병호,1965. 2. 25,전남 담양군 담양읍 죽향문화로 35,061-383-6066,http://dyculture.go.kr, 503 , 1 , 1 , - , 2 ,," 155,600 "," 146,700 "," 19,147 ",," 321,447 ", 121 , 227 , 450 , - , - , 216 ," 1,014 "," 53,000 "
171,전남,곡성군,곡성문화원,고광운,1965. 3. 22,전남 곡성군 곡성읍 곡성로 855 곡성레저문화센터 3층,061-362-0890,www.gs-culture.or.kr, 270 , 1 , 2 , - , 3 ,," 105,331 "," 198,538 "," 3,280 "," 86,685 "," 393,834 ", 49 , 50 , - , - , 100 , 60 , 259 ," 25,000 "
172,전남,구례군,구례문화원,한장원,1962. 4. 3,전남 구례군 구례읍 양정2길 11 구례문화예술회관 2층,061-782-8802,gurye.kccf.or.kr, 380 , 1 , 1 , - , 2 ,," 76,500 "," 3,000 "," 8,000 ", - ," 87,500 ", 47 , 47 , 48 , - , 23 , 150 , 315 , 550 
173,전남,고흥군,고흥문화원,송시종,1965. 3. 22,전남 고흥문 고흥읍 고흥로 1892-67,061-835-5245,www.ghcc.or.kr, 664 , 1 , 1 , - , 2 ,," 107,000 "," 60,848 "," 12,530 "," 14,045 "," 194,423 ", 86 , - , - , - , - , - , 86 ," 3,200 "
174,전남,보성군,보성문화원,김현진,1967. 7. 11,전남 보성군 보성읍 송재로 281-11,061-852-2621,boseong.kccf.or.kr, 766 , 1 , 5 , 관리실장 1 , 7 ,," 923,840 "," 47,000 "," 76,592 "," 15,051 "," 1,047,432 ", 92 , 56 , 149 , - , 202 ," 1,091 "," 1,589 "," 25,050 "
175,전남,화순군 ,화순문화원,김재월,1970. 4. 5,전남 화순군 화순읍 대교로 7,061-374-3333,hwasun.kccf.or.kr," 1,828 ", 1 , 4 , 자원봉사 1 , 6 ,," 263,400 "," 63,000 "," 19,048 "," 14,500 "," 359,948 ", 93 , 25 ," 1,345 ", 63 , 93 , 713 ," 2,322 "," 34,000 "
176,전남,장흥군,장흥문화원,이금호,1970. 12. 7,전남 장흥군 장흥읍 읍성로 96 장흥문화예술회관 3층,061-863-6362,www.jhculture.or.kr," 1,044 ", 1 , 2 , - , 3 ,," 313,358 "," 162,000 "," 40,801 ", - ," 516,159 ", 98 , 102 , - , - , 98 , - , 298 ," 9,500 "
177,전남,강진군,강진문화원,황호용,1965. 2. 11,전남 강진군 강진읍 영랑로 1길 9 강진아트홀 3층,061-433-7373,gangjin.kccf.or.kr, 931 , 1 , 1 , - , 2 ,," 174,000 "," 29,500 "," 47,274 ", - ," 250,774 ", 99 , 66 , - , - , - , - , 165 ," 1,000 "
178,전남,해남군,해남문화원,김종호,1965. 2. 20,전남 해남군 해남읍 수성 4길 2,061-533-5345,haenamculture.org, 94 , 1 , 1 , 2 , 4 ,," 91,000 "," 178,500 "," 10,000 ", - ," 279,500 ", 180 , 70 , 240 , 180 , 100 , 191 , 961 ," 5,440 "
179,전남,영암군,영암문화원 ,김한남,1964. 10. 13,전남 영암군 영암읍 교동로 55,061-473-2632,http://yaculture.org," 1,050 ", 1 , 3 , - , 4 ,," 122,000 "," 100,000 "," 45,511 "," 140,289 "," 407,800 ", 138 , - , 449 , 116 , 405 , 194 ," 1,303 "," 14,400 "
180,전남,무안군,무안문화원,백창석,1970. 4. 23,전남 무안군 무안읍 창포로 8,061-452-8648,muan.kccf.or.kr," 1,540 ", 1 , 1 , - , 2 ,," 136,500 "," 37,500 "," 28,340 ", - ," 202,340 ", 172 , - , - , - , - , - , 172 ," 5,000 "
181,전남,함평군,함평문화원 ,김창훈,1952.12 .27,전남 함평군 함평읍 기산길 163-16,061-322-0505,hampyeong.kccf.or.kr, 845 , 1 , 2 , - , 3 ,," 154,500 "," 37,900 "," 63,186 ", - ," 255,586 ", 186 , - , - , - , - , - , 186 ," 3,850 "
182,전남,영광군,영광문화원,김범무,1969. 11. 7,전남 영광군 중앙로 228-16,061-351-3255,yeonggwang.kccf.or.kr, 314 , 1 , 1 , - , 2 ,," 362,000 "," 16,500 "," 10,000 ", - ," 388,500 ", 109 , - , 93 , - , - , - , 202 ," 4,000 "
183,전남,장성군,장성문화원 ,공영갑,1948. 04. 20,전남 장성군 장성읍 문화로 110 장성문화예술회관,061-392-1796,jangseong.kccf.or.kr, 412 , 1 , 1 , - , 2 ,," 283,100 "," 11,000 "," 38,126 ", - ," 332,226 ", - , - , - , - , - , - , - ," 2,000 "
184,전남,완도군,완도문화원,정영래,1984. 8. 17,전남 완도군 완도읍 개포로 159번길 44,061-552-4834,wando.kccf.or.kr," 1,110 ", 1 , 1 , - , 2 ,," 82,140 ", - ," 20,000 "," 2,000 "," 104,140 ", 99 , 132 , 198 , - , 99 , 99 , 627 ," 3,457 "
185,전남,진도군,진도문화원,박정석,1965. 4. 3,전남 진도군 진도읍 진도대로 7187,061-542-1109,jindoculture.or.kr, 950 , 1 , 4 , - , 5 ,," 210,860 "," 49,200 "," 187,243 "," 292,145 "," 739,448 ", 45 , 48 , 118 , 56 , 111 , 353 , 731 ," 2,900 "
186,전남,신안군,신안문화원,김진오,1986. 9. 05,전남 목포시 수강로3번길 14 신안군 별관 3층,061-242-8131,shinanculture.net, 600 , 1 , 2 , - , 3 ,," 364,600 "," 15,000 "," 27,800 ", - ," 407,400 ", 99 , 231 , - , - , - , 33 , 363 ," 1,000 "
전남 총계,,전남 총계,22,,,,,,,,,,,,,,,,,,,,,,,,
187,경북,포항시,포항문화원,배용일,1964. 12. 24,경북 포항시 북구 새천년대로 909,054-242-4711,www.phcc.o.kr," 1,380 ", 1 , 3 , - , 4 ,," 393,000 "," 10,000 "," 80,992 ",  -  ," 484,792 ", 488 ,  -  , 488 ,  -  , 502 , 259 ," 1,737 "," 7,000 "
188,경북,경주시,경주문화원,김윤근,1964. 12. 30,경북 경주시 중앙로 67-12,054-743-7182,www.gjcc.or.kr," 1,570 ", 1 , 4 , - , 5 ,," 597,686 "," 308,686 "," 94,750 ", - ," 1,001,122 ", 136 , - , 220 , 209 , 87 , 432 ," 1,084 "," 36,270 "
189,경북,김천시,김천문화원,정근재,1962. 2. 25,경북 김천시 김천로 200 김천시문화회관 1층,054-434-4336,www.gcculture.or.kr, 340 , 1 , 1 , - , 2 ,," 405,000 ",  -  ," 63,101 "," 10,400 "," 478,501 ", 54 ,  -  , 249 ,  -  ,  -  , 44 , 347 ," 15,500 "
190,경북,안동시,안동문화원,이재춘,1966.12. 3,경북 안동시 서동문로 203(동부동),054-859-0825,http://www.adcc.or.kr, 279 , 1 , 3 , - , 4 ,," 838,930 "," 54,700 "," 34,058 ", - ," 927,688 ", 46 , 33 , 82 , - , 62 , 163 , 385 ," 150,000 "
191,경북,구미시,구미문화원,라태훈,1978. 5. 10,경북 구미시 선산읍 선산중앙로 83-1,054-482-5422,www.gumicc.or.kr," 1,182 ", 1 , 3 , 1 , 5 ,," 995,000 "," 21,000 "," 245,800 "," 30,000 "," 1,291,800 ", 199 , 162 , 322 , 302 , 80 , 529 ," 1,594 "," 142,000 "
192,경북,영주시,영주문화원,서중도,1972. 9. 2,경북 영주시 가흥로 255,054-631-3300,www.yjcc.or.kr," 1,278 ", 1 , 3 , - , 4 ,," 571,000 "," 8,000 "," 83,133 ", - ," 662,133 ", 22 , 20 , 38 , - , 19 , 40 , 139 ," 55,225 "
193,경북,영천시,영천문화원,정연화,1968. 5. 6,경북 영천시 문화원길 6(창구동),054-334-3030,yeongcheon.kccf.or.kr, 740 , 1 , 2 , - , 3 ,," 166,700 "," 32,000 "," 105,460 ", - ," 304,160 ", 66 , 66 , 304 , 152 , 60 , 469 ," 1,117 "," 2,000 "
194,경북,상주시,상주문화원,김철수,1961. 9. 19,경북 상주시 상산로 235,054-535-2339,sjcc.or.kr, 421 , 1 , 2 , - , 3 ,," 378,700 "," 10,000 "," 34,952 "," 20,000 "," 443,652 ", 197 , - , - , - , - , 105 , 302 ," 6,000 "
195,경북,문경시,문경문화원,현한근,1967. 7. 11,경북 문경시 점촌5길 20,054-555-2571,www.mgcc.or.kr, 439 , 1 , 3 , - , 4 ,," 179,550 "," 11,000 "," 117,822 ", - ," 308,372 ", 138 , 50 , - , - , 36 , 16 , 240 ," 9,638 "
196,경북,경산시,경산문화원,서재건,1962. 4. 11,경북 경산시 서상길 75,053-815-0592,http://gsc.kccf.or.kr, 240 , 1 , 2 , - , 3 ,," 282,200 "," 18,602 "," 106,642 "," 46,730 "," 455,674 ", 71 , - , 336 , 50 , 20 , - , 476 ," 34,904 "
197,경북,군위군,군위문화원,박승근,1942. 3. 17,경북 군위급 군위읍 동서2길 35,054-383-2003,www.gunwicc.com, 589 , 1 , 1 , - , 2 ,," 444,398 "," 14,000 "," 27,703 ", - ," 486,101 ", 84 , 95 , - , - , 40 , - , 219 ," 2,000 "
198,경북,의성군,의성문화원,신시호,1984. 8. 17.,경북 의성군 의성읍 후죽4길 4-7,054-834-5048,www.uscc.or.kr, 622 , 1 , 2 , - , 3 ,," 381,000 "," 13,000 "," 41,113 ", - ," 435,113 ", 76 , 102 , - , - , 89 , 7 , 274 ," 7,000 "
199,경북,청송군,청송문화원,조용하,1985. 12. 23,경북 청송군 청송읍 금월로 244-30 청송종합문화복지타운 ,054-873-2527,cscc.or.kr, 242 , 1 , 2 , - , 3 ,," 374,000 "," 10,000 "," 34,938 "," 14,920 "," 433,858 ", 256 , - , - , - , 49 , 49 , 354 ," 3,000 "
200,경북,영양군,영양문화원,박종태,1969. 6. 10,경북 영양군 영양읍 군민회관길 7,054-682-1378,, 425 , 1 , - , - , 1 ,," 318,100 "," 19,500 "," 8,800 ", - ," 346,400 ", 430 , 96 , 240 , 254 , 46 , - ," 1,066 "," 4,192 "
201,경북,영덕군,영덕문화원,류기도,1966. 12. 3,경북 영덕군 영덕읍 강변길 324,054-734-2456,ydculture.or.kr," 1,139 ", 1 , 1 , - , 2 ,," 259,432 ", - ," 19,000 ", - ," 278,432 ", 79 , 114 , - , - , 50 , 266 , 509 ," 5,030 "
202,경북,청도군,청도문화원,박윤제,1967. 10. 20,경북 청도군 화양읍 청화로 47,054-371-2514,blog.naver.com/acd2514, 360 , 1 , 1 , - , 2 ,," 253,400 ", - ," 16,944 ", - ," 270,344 ", 30 , - , 145 , - , 33 , 120 , 328 ," 2,000 "
203,경북,고령군,고령문화원,우상수,1974. 7. 8,경북 고령군 대가야읍 왕릉로 30,054-954-2347,http://culture.kory21.net/main/, 530 , 1 , 2 , - , 3 ,," 727,863 "," 10,000 "," 28,823 "," 1,500 "," 768,186 ", 125 , - , 235 , 204 , - , 169 , 733 ," 6,000 "
204,경북,성주군,성주문화원,도일회,1968. 5. 24,경북 성주군 성주읍 성주로 3204,054-933-0700,blog.naver.com/sjmhc, 683 , 1 , 2 , - , 3 ,," 429,680 ",," 36,102 ", - ," 465,782 ", 104 , 138 , - , - , 114 , 222 , 578 , 500 
205,경북,칠곡군,칠곡문화원,장인희,1968. 5. 24,경북 칠곡군 왜관읍 2번도로길 23,054-974-0450,chilgok.kccf.or.kr, 287 , 1 , 1 , - , 2 ,," 205,270 "," 16,000 "," 42,780 ", - ," 264,050 ", 66 , 134 , 506 , 155 , 32 , 49 , 941 ," 5,000 "
206,경북,예천군,예천문화원,권창용,1976. 4. 3,경북 예천군 예천읍 충효로 209-15,054-654-3833,yc3833.kccf.or.kr , 490 , 1 , 1 , - , 2 ,," 455,480 "," 9,000 "," 12,590 ", - ," 477,070 ", 127 , - , - , - , - , - , 127 ," 6,535 "
207,경북,봉화군,봉화문화원,금석록,1965. 8. 24,경북 봉화군 봉화읍 내성로 4길 6-13,054-673-2350,bonghwa.kccf.or.kr, 300 , 1 , 1 , - , 2 ,," 490,100 "," 12,000 "," 10,000 ", - ," 512,100 ", 339 , - , 338 , - , - , 202 , 879 ," 10,000 "
208,경북,울진군,울진문화원,윤대웅,1976. 12. 16,경북 울진군 울진읍 형내항길 92-9,054-783-2270,ujcc.kr, 507 , 1 , 2 , - , 3 ,," 640,308 ",," 40,565 "," 138,008 "," 818,881 ", 105 , 53 , 305 , 113 , 28 , 356 , 959 ," 60,000 "
209,경북,울릉군,울릉문화원,손영규,1966. 3. 5,경북 울릉군 울릉읍 약수터길 48,054-791-0245,www.ulleungu.co.kr, 78 , 1 , 1 , - , 2 ,," 252,640 ",," 6,312 ", - ," 245,833 ", 353 , 회의실포함 , - , - , - , 232 , 585 ," 2,000 "
경북 총계,,경북 총계,23,,,,,,,,,,,,,,,,,,,,,,,,
210,경남,창원시,창원문화원,배원진,1987.12.10,경남 창원시 의창구 용지로 239번길 19-22,055-284-8870,www.changwonculture.or.kr/, 524 , 1 , 2 , - , 3 ,," 211,000 "," 44,355 "," 308,073 ", - ," 563,428 ", 201 , 215 , 267 , 76 ,, 257 ," 1,016 "," 25,000 "
211,경남,창원시,마산문화원,임영주,1964. 6. 18,경남 창원시 마산합포구 3; 15대로 199 ,055-293-1186,masan.kccf.or.kr, 500 , 1 , - , - , 1 ,," 283,232 "," 5,000 "," 104,213 ", - ," 392,445 ", 92 , 92 , 99 , 86 , - , 407 , 776 ," 5,550 "
212,경남,창원시,진해문화원,박석렬,1960. 10. 1,경남 창원시 진해구 편백로 39,055-544-8880,jinhae.kccf.or.kr, 980 , 1 , 2 , - , 3 ,," 123,150 "," 38,000 "," 265,310 ", - ," 426,460 ", 126 , - , 126 , - , - , 252 , 504 ," 2,210 "
213,경남,진주시,진주문화원,김길수,1964. 6. 5,경남 진주시 진양호로 476(남성동3-18),055-746-5001,www.jjcc.or.kr," 3,461 ", 1 , 2 , - , 3 ,," 352,652 "," 38,500 "," 140,460 "," 9,090 "," 540,702 ", 159 , 163 , - , - , - , 90 , 411 ," 35,856 "
214,경남,통영시,통영문화원,김일룡,1990. 11. 13,경남 통영시 서문로 23,055-646-3310,http://tongyeong.kccf.or.kr/, 429 , 1 , 1 , - , 2 ,," 140,500 "," 23,750 "," 66,284 ",  -  ," 230,534 ", 40 , 40 , 147 , 62 , 19 , 42 , 350 ," 5,000 "
215,경남,사천시,사천문화원,장병석,1996. 3. 25,경남 사천시 문선1길 25-15(벌리동),055-833-3163,www.4000cc.or.kr, 541 , 1 , 1 , 1 , 3 ,," 300,000 "," 37,000 "," 60,804 ",," 397,804 ", 532 , 648 ," 2,420 "," 1,800 ", 250 ," 4,958 "," 10,608 "," 250,000 "
216,경남,김해시,김해문화원,이양재,1956. 9. 25,경남 김해시 분성로 225,055-336-2646,www.khcc.or.kr, 450 , 1 , 2 , - , 3 ,," 347,092 "," 34,000 ", - , - ," 381,092 ", 120 , 270 , 512 , 345 , 120 , - ," 1,367 "," 3,500 "
217,경남,밀양시,밀양문화원,손정태,1950. 4. 1,경남 밀양시 중앙로 265 1층,055-354-3009,miryang.kccf.or.kr, 360 , 1 , 1 , - , 2 ,," 112,300 ", - ," 38,283 ",  -  ," 150,583 ", 76 ,  -  ,  -  ,  -  ,  -  ,  -  , 76 ," 5,300 "
218,경남,거제시,거제문화원,원재희,1994.9.23,경남 거제시 능포로7(장승포동),055-681-2603,geoje055.kccf.or.kr, 368 , 1 , 1 , - , 2 ,," 47,672 "," 7,000 ", - , - ," 54,672 ", 80 , 70 , 214 , 187 , - , 555 ," 1,106 ", 700 
219,경남,양산시,양산문화원,박정수,1986. 7. 12,경남 양산시 북정로76,055-386-0890,www.yangsancc.or.kr, 973 , 1 , 1 , - , 2 ,," 186,300 "," 40,000 "," 108,879 ",  -  ," 335,179 ", 144 , 194 , 618 ,  -  , 47 , 365 ," 1,368 "," 5,500 "
220,경남,의령군,의령문화원,성수현,1981. 1. 13,경남 의령군 의령읍 의병로24길 31-1 군민문화회관,055-573-2034,uiryeong.kccf.or.kr, 420 , 1 , 1 , - , 2 ,," 273,300 "," 41,645 "," 20,900 ", - ," 335,845 ", 158 , - , - , - , - , 53 , 211 ," 5,200 "
221,경남,함안군,함안문화원,김동균,1966. 7. 18,경남 함안군 가야금 선왕길 1-1,055-583-1023,www.hacc.or.kr, 526 , 1 , 1 , - , 2 ,," 199,997 "," 9,000 "," 54,244 ", - ," 263,241 ", 110 , 97 , 493 , 70 , 70 , 725 ," 1,565 "," 40,000 "
222,경남,창녕군,창녕문화원,이수영,1964. 10. 3,경남 창녕군 창녕읍 만옥정길 10,055-533-3777,, 980 , 1 , 1 , - , 2 ,," 326,000 "," 42,000 "," 56,721 ",," 424,721 ", 66 , 115 , 322 , 33 ,  -  , 457 , 993 ," 19,000 "
223,경남,고성군,고성문화원,도충홍,1949. 12. 14,경남 고성군 고성읍 성내로 54,055-672-3805,gmgoseong.kccf.or.kr, 657 , 1 , 1 , - , 2 ,," 248,800 "," 13,000 "," 90,000 ", - ," 351,800 ", 102 , 151 , 957 , 68 , 68 , - ," 1,347 "," 6,200 "
224,경남,남해군,남해문화원,하미자,1965. 2. 25,경남 남해군 남해읍 선소로 12,055-864-6969,www.nhcc.or.kr, 500 , 1 , 1 , - , 2 ,," 51,180 "," 61,000 "," 50,253 ", - ," 162,433 ", 50 , - ,, - , - , 113 , 163 ," 14,698 "
225,경남,하동군,하동문화원,노동호,1965.2.11,경남 하동군 하동읍 섬진강대로 2222,055-884-3929,hadong.kccf.or.kr, 396 , 1 , 1 , - , 2 ,," 135,809 "," 13,000 "," 56,597 ",  -  ," 205,406 ", 96 ,  -  ,  -  ,  -  ,  -  , 48 , 144 ," 4,000 "
226,경남,산청군,산청문화원,이효근,1964. 12. 24,경남 산청군 산청읍 산엔청로 56,055-973-0977,, 802 , 1 , 1 , - , 2 ,," 187,130 "," 25,500 "," 34,065 ", - ," 246,695 ", 66 , 413 , - , - , 140 , - , 619 ," 16,295 "
227,경남,함양군,함양문화원,김흥식,1964. 11. 21,경남 함양군 함양읍 함양여중길 10,055-963-2646,www.hamyang.Kccf.or.kr, 300 , 1 , 1 , - , 2 ,," 146,500 "," 64,000 "," 23,000 ",  -  ," 233,500 ", 66 , 33 , 132 ,  -  , 132 , 198 , 561 ," 22,000 "
228,경남,거창군,거창문화원,이종천,1958. 10. 5,경남 거창군 거창읍 수남로 2193-40,055-942-6166,http://geochang.kccf.or.kr/, 897 , 1 , 3 , - , 4 ,," 345,967 "," 64,000 "," 133,456 ", - ," 543,423 ", 91 , 89 , 890 , 256 , 62 ," 1,191 "," 2,579 "," 12,000 "
229,경남,합천군,합천문화원,전정석,1965. 2. 11,경남 합천군 합천읍 핫들2로 58,055-931-2401,hapcheon.kccf.or.kr," 1,120 ", 1 , 1 , 1 , 3 ,," 175,000 "," 10,000 "," 59,700 ", - ," 244,700 ", 84 , 50 , 181 , 139 , 84 , 459 , 996 ," 25,345 "
경남 총계,,경남 총계,20,,,,,,,,,,,,,,,,,,,,,,,,
230,제주,제주시,제주문화원,김봉오,1994. 12. 6,제주특별자치도 제주시 중앙로 2 제주해변공연장 2층,064-722-0203,jejucc.kccf.or.kr, 434 , 1 , 3 , - , 4 ,," 422,972 "," 11,000 "," 50,736 ",   ," 484,708 ", 276 , - , 354 , - , - , - , 629 ," 11,104 "
231,제주,서귀포시,서귀포문화원,강명언,1996. 5. 7,제주특별자치도 서귀포시 동홍로 31-7 (시민회관2층),064-733-3789,www.seogwipo.org," 1,758 ", 1 , 2 , - , 3 ,," 392,200 "," 44,000 "," 47,391 "," 6,000 "," 489,591 ", 148 , - , - , - , - , - , 148 ," 12,000 "
제주 총계,,제주 총계,2,,,,,,,,,,,,,,,,,,,,,,,,
총계,,총계,231,,,,,,,,,,,,,,,,,,,,,,,,
