1,서울특별시,강남구,기초자치단체,강남구민회관,서울시 강남구 삼성로 154 (대치동),02-2176-0891,강남구도시관리공단,공공기관위탁,http://www.gncity.or.kr,1996.9.18,"14,440.9 ",,,강남구민회관, 516 ,720.0 ,,,1,231.0 ,,,,, 5 , 3 , 175 , 219 , - ," 99,810 ", 937 , 166 ,,
2,서울특별시,강동구,기초자치단체,강동아트센터,서울특별시 강동구 동남로 870 (상일동),02-440-0500,강동구청,지자체 직영,www.gangdongarts.or.kr,2011.09.01,"18,051.0 ",,,강동아트센터,850 ,"1,948.0 ",250 ,459.0 ,2,487.6 ,504,,,, 30 , 22 , 341 , 408 ," 68,769 "," 144,129 "," 2,949 ", 690 ,,
3,서울특별시,강북구,기초자치단체,강북문화예술회관,서울특별시 강북구 삼각산로 85,02-944-3068,강북구도시관리공단,공공기관 위탁,http://www.gangbukcmc.seoul.kr/group02/page02.php,2001.11.01.,"11,266.7 ",,,강북문화예술회관, 668 ,"1,248.0 ",,,1,316.0 ,98,43.0 ,,, 38 , 3 , 198 , 212 ," 109,577 "," 189,587 "," 2,904 ", 109 ,,
4,서울특별시,강서구,기초자치단체,강서구민회관,서울특별시 강서구 우장산로 66,02-3664-6046,강서구시설관리공단,공공기관 위탁,www.gssi.or.kr,1989.3.14.,"4,167.0 ",,,강서구민회관, 609 ,858.0 , 85 ,204.8 ,1,786.2 ,69.5,,,, 15 , 2 , 313 , 365 ," 31,510 "," 104,580 ", 926 , 33 ,,
5,서울특별시,관악구,기초자치단체,관악문화관도서관,서울특별시 관악구 신림로3길 35,02-828-5700,관악문화원,민간기관 위탁,http://www.gcl.seoul.kr,2002.10.11,"14,279.0 ",,,관악문화관도서관,698 ,"3,705.0 ",,,1,270.0 ,524,,,, 48 , 3 , 167 , 95 , - ," 45,606 "," 5,451 ", 145 ,,
6,서울특별시,광진구,기초자치단체,나루아트센터,서울시 광진구 능동로 76,02-2049-4700,광진문화재단,공공기관 위탁,www.naruart.or.kr,2005-05-02,"18,860.5 ",,,나루아트센터, 609 ,853.0 , 171 ,276.7 ,1,272.2 ,,,,, 15 , 8 , 334 , 225 ," 92,798 "," 96,242 ", 609 , 455 ,,
7,서울특별시,구로구,기초자치단체,구로아트밸리 예술극장,서울특별시 구로구 가마산로25길 9-24,02-2029-1727,구로문화재단,공공기관 위탁,www.guroartsvalley.or.kr,2008. 7. 22,"8,799.8 ",,,구로아트밸리 예술극장, 611 ,"1,362.0 ",,,,,,,,, 40 , 6 , 221 ,," 7,835 "," 36,410 "," 4,082 "," 3,978 ",,
8,서울특별시,구로구,기초자치단체,구로구민회관,서울 구로구 가마산로25길21,02-860-2592,구로문화재단,공공기관 위탁,www.guroartsvalley.or.kr,1989.02.15,"3,586.0 ",,,구로구민회관, 531 ,"2,193.0 ",,,1,215.0 ,1393,,,, 8 , 3 , 302 ,,," 150,000 ", 230 , 230 ,,
9,서울특별시,금천구,기초자치단체,금나래아트홀,서울 금천구 시흥대로 73길 70,02)809-8240,금천문화재단,공공기관위탁,http://www.gnrart.or.kr/,2008.10.21,,,,금나래아트홀, 556 ,6;424m²,,,,,,,,, 5 , 3 , 142 , 161 ," 23,352 "," 122,171 ", 179 , 52 ,,
10,서울특별시,노원구,기초자치단체,노원문화예술회관,서울특별시 노원구 중계로 181,02-951-3355,노원구서비스공단,공공기관 위탁,http://www.nowonart.kr/,2004.06.16,"13,167.5 ",,,노원문화예술회관,608 ,"1,136.8 ",292 ,530.8 ,1,183.5 ,276,89.0 ,"1,053 ","1,310.0 ", 36 , 9 , 130 , 99 ," 30,077 "," 216,571 "," 2,470 ", 750 ,,
11,서울특별시,도봉구,기초자치단체,도봉구민회관,서울특별시 도봉구 도봉로 553(창동), 02-901-5160, 도봉구 시설관리공단 ,공공기관 위탁,http://www.dobongsiseol.or.kr,1993.12.23,"10,107.0 ",,,도봉구민회관,552 ,"1,812.0 ",193 ,470.7 ,1,219.96,115.20,311.88,,, 11 , 1 , 200 ,," 5,000 "," 657,000 ", 490 , 79 ,,
12,서울특별시,마포구,기초자치단체,마포아트센터,서울특별시 마포구 대흥로20길 28,02-3274-8600,(재)마포문화재단,공공기관 위탁,www.mapoartcenter.or.kr,2002.4.23.,"19,756.0 ",,,아트홀 맥, 733 ,"2,621.0 ", 201 ,488.0 ,1,200.0 ,612.6,42.5 ,,, 66 , 13 , 162 , 117 ," 39,239 "," 81,803 ", 936 , 605 ,,
13,서울특별시,서초구,기초자치단체,서초문화예술회관,서울특별시 서초구 강남대로 201,02-2155-5301,서초구,지자체 직영,http://www.seocho.go.kr,1989.11.13,"4,068.0 ",,,서초문화예술회관, 650 ,833.2 , 100 ,207.4 ,1,103.7 ,60.16,49.9 ,,, 16 , 4 , 143 , 168 ,," 100,800 ", 443 , 50 ,,
14,서울특별시,서대문구,기초자치단체,서대문문화체육회관,서울특별시 서대문구 백련사길 39,02-360-8555,서대문구도시관리공단,공공기관 위탁, www.sscmc.or.kr , 1993.10.15 ,"9,514.5 ",,, 서대문문화체육회관 ,589 ,736.0 ,180 ,289.8 ,1,106.5 ,680.7,30.7 ,,, 34 , 5 , 220 , 20 ," 4,809 "," 124,192 "," 1,622 ", 100 ,,
15,서울특별시,성동구,기초자치단체,성동문화회관,서울특별시 성동구 왕십리로 281,02-2204-6401,(재)성동문화재단,공공기관 위탁,www.sowol.sdfac.or.kr,2005.12.28.,"3,867.0 ",,,소월아트홀, 520 ,"1,075.0 ",,,1,94.0 ,,,,, 14 , 5 , 221 , 197 ," 35,974 "," 90,806 "," 1,073 ", 204 ,,
16,서울특별시,성동구,기초자치단체,성수문화복지회관,서울특별시 성동구 뚝섬로1길 43,02-2204-7561,(재)성동문화재단,공공기관 위탁,http://seongsu.sdfac.or.kr/,2012.09.14.,"9,726.5 ",,,성수아트홀, 350 ,"2,639.4 ",,,,,,,,, 13 , 4 , 237 ,," 18,461 "," 30,352 "," 1,158 ", 171 ,,
17,서울특별시,양천구,기초자치단체,양천문화회관,서울시 양천구 목동서로 367,02-2620-4904,양천구청,지자체 직영,http://www.yangcheon.go.kr/art/art/main.do,1998.2.27,"12,563.3 ",,,, 684 ,"1,128.0 ", 230 ,326.0 ,1,183.0 ,,326.0 ,,, 11 , 4 , 484 , 47 ," 60,612 "," 157,036 ", 549 , 83 ,,
18,서울특별시,영등포구,기초자치단체,영등포아트홀,서울특별시 영등포구 국회대로 596 , 02-2670-4020 , (재)영등포문화재단 ,민간기관 위탁,http://www.ydpcf.or.kr, 2009.02.09,"10,606.8 ",,, 영등포아트홀 ,526 ,768.0 ,,,1,432.0 ,63,,,, 28 , 8 , 215 , 25 ," 7,637 "," 58,840 "," 2,989 ", 407 ,,
19,서울특별시,용산구,기초자치단체,용산아트홀,서울특별시 용산구 녹사평대로 150(이태원동) , 02-2199-7260 , 용산구청 , 지자체 직영 ,  http://art.yongsan.go.kr  , 2010.07.01 ,"8,519.0 ",,, 용산아트홀 ,787 ,"1,013.0 ",304 ,440.0 ,1,330.0 ,418,,,, 8 , 5 , 222 , 104 ," 57,360 "," 110,592 ", 372 , 270 ,,
20,서울특별시,은평구,기초자치단체,은평문화예술회관,서울 은평구 녹번로 16(녹번동),02-351-3017,재단법인 은평문화재단,공공기관 위탁,https://www.efac.or.kr/,1996. 11. 15.,"9,151.03 ",,,은평문화예술회관, 701 ,815.0 ,,,1,205.0 ,825,281.0 ,,, 29 , 4 , 208 , 55 ," 1,582 "," 20,162 "," 1,059 ", 130 ,,
21,서울특별시,종로구,기초자치단체,종로구민회관,서울특별시 종로구 지봉로5길 7-5, 02-3672-2530, 종로구시설관리공단 ,공공기관 위탁, www.ijongno.co.kr ,2000.02.01,"11,262.0 ",,,종로구민회관,456 ,673.0 ,,,,,,,,, 2 ,, 131 ,,," 48,700 "," 3,068 ", 48 ,,
22,서울특별시,종로구,광역자치단체,(재)세종문화회관,서울특별시 종로구 세종로 175 , 02-399-1114 , (재)세종문화회관 ,민간기관 위탁, www.sejongpac.or.kr , 1978.04.14 ,"63,396.0 ","3,022 ","17,620.0 ", (재)세종문화회관 ,"M씨어터 609
체임버홀 443","2638
1627",,,5,"5,897.0 ",557,144,,, 447 , 217 , 971 ,," 461,288 "," 655,545 "," 4,000 "," 2,900 ",,
23,서울특별시,중구,기초자치단체,충무아트센터,서울시 중구 퇴계로387,02-2230-6600,(재)중구문화재단,출연기관,www.caci.or.kr,2005.3.25.,"36,726.8 "," 1,255 ","1,268",대극장, 327 ,517, 212 ,527.0 ,1,245.0 ,259.58,312.8 , - ,-, 47 , 39 , 362 , 336 ," 215,967 "," 288,491 "," 7,976 "," 2,645 ",,
,,,,서울특별시 총계,23,,,,,,,,,,,,,,,,,,,,,,,,,,,,,
24,부산광역시,금정구,광역자치단체,금정문화회관,부산광역시 금정구 체육공원로 7 ,051-519-5651,금정구청,지자체 직영,http://art.geumjeong.go.kr/,2000.05.19,"16,603.7 ",,,금정문화회관,"1,198 ","6,089.1 ",,,2,365.0 ,927.858,,300 ,398 , 18 , 5 , 280 , 302 ," 44,480 "," 92,530 "," 1,676 ", 334 ,,
25,부산광역시,남구,광역자치단체,부산문화회관,부산광역시 남구 유엔평화로76번길1,051-607-6000,(재)부산문화회관,공공기관,www.bscc.or.kr,1988.9.3.,"33,310.0 "," 1,403 ","18,916.0 ",부산문화회관, 774 ,"7,210.0 ", 212 ,"5,136.0 ",1,"1,152.0 ",324 ,216 ,600 ,805 , 81 , 42 , 483 , 52 ," 80,950 "," 156,699 "," 8,312 "," 1,896 ",,
26,부산광역시,남구,광역자치단체,부산예술회관,부산광역시 남구 용소로78,051-612-1372,(사)부산예술문화단체총연합회,민간기관위탁,www.bsart.or.kr,2011.03.03,"4,906.8 ",,,부산예술회관,,, 240 ,597.6 ,1,238.9 ,296 ,88 ,400 ,40 , 11 , - , 185 , 104 ," 1,414 "," 54,893 ", 722 , 116 ,,
27,부산광역시,동구,광역자치단체,부산시민회관,부산광역시 동구 자성로 133번길 16,051-630-5200,(재)부산문화회관,공공기관,www.bscc.or.kr,1973.10.10.,"14,929.08"," 1,606 ","7,136.0 ",부산시민회관, 407 ,"1,087.0 ",,,2,487.5 ,,137,200 ,25 , 81 ,, 316 , 316 ," 246,600 "," 411,000 "," 4,932 ", 693 ,,
28,부산광역시,동래구,기초자치단체,동래문화회관,부산광역시 동래구 문화로 80,051-550-6612,동래구청,지자체 직영,culture.dongnae.go.kr ,1999.10.22,"5,519.9 ",,,동래문화회관, 524 ,874.5 ,200 ,289.1 ,1,249.8 ,276 ,146 ,1130 ,1640 , 17 , 1 , 218 , 74 ," 4,343 "," 120,215 ", 647 , 113 ,,
29,부산광역시,북구,기초자치단체,북구문화빙상센터,부산광역시 북구 금곡대로 46번길 50,051-309-4084,북구청,지자체 직영,http://culture-ice.bsbukgu.go.kr,2005.07.13,"8,295.7 ",,,북구문화빙상센터, 324 ,481.7 ,,,1,252.0 ,201 ,102 ,,, 7 ,, 27 , 6 ,," 7,320 ", 81 , 41 ,,
30,부산광역시,사하구,기초자치단체,을숙도문화회관,부산광역시 사하구 낙동남로1233번길 25,051-220-5801,사하구청,지자체 직영,http://www.saha.go.kr/eulsukdo,2002.10.05,"10,272.8 ",,,을숙도문화회관, 708 ,"1,455.0 ", 242 ,429.0 ,3,457.0 ,517 ,221 ,150 ,706 , 18 , 3 , 202 , 279 ," 8,355 "," 108,291 "," 1,683 ", 108 ,,
31,부산광역시,영도구,기초자치단체,영도문화예술회관,부산광역시 영도구 함지로 79번길 6(동삼동),051-419-5571,영도구청,지자체 직영,http://culture.yeongdo.go.kr,2009.10.19,"3,538.0 ",,,영도문화예술회관,428 ,447.0 ,160 ,257.0 ,1,161.0 ,291 ,8 ,600 ,660 , 15 , 4 , 121 , 252 ," 4,611 "," 36,630 ", 142 , 101 ,,
32,부산광역시,중구,광역자치단체,부산민주공원 공연장,부산광역시 중구 민주공원길 19,051-790-7408,(사)부산민주항쟁기념사업회,민간기관 위탁,www.demopark.or.kr,1999.10.16,"20,338.0 ",,,부산민주공원 공연장,419 ,463.0 ,100 ,218.0 ,2,961.0 ,,,100 ,300 , 21 , 5 , 243 , 214 ," 36,431 "," 54,112 "," 1,300 ", 39 ,,
33,부산광역시,해운대구,광역자치단체,영화의전당,부산광역시 해운대구 수영강변대로 120,051-780-6000,(재)영화의전당,민간기관 위탁,www.dureraum.org,2011.09.29.,"54,335.0 ",,,영화의전당, 841 ,"1,537.0 ",,,1,791.0 ,,,4000 ,2364 , 48 , 9 , 147 , 250 ," 15,204 "," 953,361 "," 13,859 "," 1,106 ",,
34,부산광역시,해운대구,기초자치단체,해운대문화회관,부산광역시 해운대구 양운로 97(좌동),051-749-7651,해운대구청,지자체 직영,hcc.haeundae.go.kr,2007.03.30,"6,514.8 ",,,해운대문화회관,495 ,"1,070.0 ",130 ,214.0 ,2,344.6 ,,93 ,,, 13 , 4 , 391 , 446 ," 59,800 "," 153,500 "," 1,340 ", 271 ,,
,,,,부산광역시 총계,11,,,,,,,,,,,,,,,,,,,,,,,,,,,,,
35,대구광역시,남구,기초자치단체,대덕문화전당,대구광역시 남구 앞산순환로 478,053-664-3131,대구남구청,지자체 직영,http://nam.daegu.kr/culturalcenter/index.do,1998.03.07,"6,701.0 ",,,대덕문화전당, 536 ,"1,804.9 ", 90 ,317.1 ,2,263.0 ,728.3,96.0 , 300 ,265.0 , 22 , 6 , 202 , 122 ," 5,532 "," 35,000 "," 2,799 ", 82 ,,
36,대구광역시,달서구,기초자치단체,웃는얼굴아트센터,대구광역시 달서구 문화회관길160,053-584-8715,(재)달서문화재단,민간기관 위탁,www.dscf.or.kr,2004.10.14,"9,230.0 ",,,웃는얼굴아트센터, 455 ,"1,512.0 ", 212 ,582.0 ,1,335.0 ,,,,"1,200.0 ", 15 , 3 , 147 , 285 ," 13,345 "," 173,143 "," 2,418 ", 107 ,,
37,대구광역시,달서구,광역자치단체,대구문화예술회관,대구광역시 달서구 공원순환로201,053-606-6114,대구광역시청,지자체 직영,http://artcenter.daegu.go.kr,1990.05.21,"32,691.0 ","1,008 ","3,038.0 ",대구문화예술회관,,,241 ,793.0 ,13,"3,930.0 ",150,866,"1,080 ","1,897.0 ", 76 , 10 , 382 , 205 ," 102,368 "," 1,561,146 "," 18,692 ", 471 ,,
38,대구광역시,달성군,기초자치단체,달성문화센터,대구광역시 달성군 대실역북로2길 188,053-659-4211,달성군시설관리공단,공기업,http://dsculture.or.kr/,2011.7.15,"7,200.0 ",,,백년홀, 302 ,527.7 ,,,1,92.0 ,2182.5,770.9 ,,, 31 , 1 , 30 , 37 , - ," 57,494 "," 1,528 ", 6 ,,
39,대구광역시,동구,기초자치단체,아양아트센터,대구광역시 동구 효동로 2길 24,053-230-3304,(재)대구광역시동구문화재단,재단법인,www.ayangarts.or.kr,2004.05.04,"11,978.0 "," 1,112 ","4,989.0 ",아양아트센터,,,,,1,327.9 ,,, 200 ,460.0 , 16 , 10 , 141 , 268 ," 65,196 "," 102,141 "," 3,945 ", 176 ,,
40,대구광역시,중구,광역자치단체,대구콘서트하우스,대구광역시 중구 태평로 141(대평로2가),053-250-1421,대구광역시청,지자체 직영,http://concerthouse.daegu.go.kr/,2002.12.31,"26,793.0 "," 1,284 ",240.0 ,대구콘서트하우스,,, 248 ,104.0 ,,,,52.0 ,,, 23 , 9 , 239 ,," 137,013 "," 137,013 "," 18,870 ", 829 ,,
41,대구광역시,북구,기초자치단체,어울아트센터,대구광역시 북구 구암로 47(관음동),053-320-5120,대구 북구,지자체운영,www.bukarts.org,1999.10.9,7930.82,,,어울아트센터,425,"21,070",116,398.4,2,"2,170.00",379,257,100,159, 13 , 2 , 253 , 120 ," 8,200 "," 32,000 "," 2,500 ", 100 ,,
42,대구광역시,북구,광역자치단체,대구오페라하우스,대구광역시 북구 호암로15(칠성동2가),053-666-6010,(재)대구오페라하우스,민간기관 위탁,www.daeguoperahouse.org,2003.08.07,17268.9,1490,2131,대구오페라하우스,,,110,139.5,,,380.7,,,, 28 , 7 , 105 ,," 33,428 "," 73,126 "," 1,953 ", 714 ,,
43,대구광역시,서구,기초자치단체, 서구문화회관,대구광역시 서구 당산로 403,053-663-3081,서구청,지자체직영,http://www.dgs.go.kr/culture/index.html,1998. 3. 5,"5,834.0 ",,,서구문화회관, 442 ,733.0 ,,,1,168.0 ,285.6,, 370 ,390.0 , 12 , 3 , 58 , 41 ," 5,600 "," 82,500 "," 2,112 ", 44 ,,
44,대구광역시,수성구,기초자치단체,수성아트피아,대구광역시 수성구 무학로180 (지산동 수성아트피아),053-668-1800,(재)수성문화재단,공공기관 위탁,www.ssartpia.kr,2007.05.01,"14,873"," 1,159 ","2,688.0 ",수성아트피아, 301 ,438.0 ,,,2,436.0 ,415,237.0 ,,, 30 , 13 , 333 , 393 ," 65,556 "," 168,290 "," 4,633 ", 833 ,,
45,대구광역시,중구,기초자치단체,봉산문화회관,대구광역시 중구 봉산문화길 77 (봉산동),053-661-3500,중구청,지자체 직영,www.bongsanart.org,2004.10.05,"6,390.0 ",,,, 424 ,748.0 , 90 ,122.4 ,5,694.0 ,398,, 150 ,116.0 , 14 , 6 , 252 ," 1,297 "," 34,950 "," 106,113 "," 1,706 ", 257 ,,
,,,,대구광역시 총계,11,,,,,,,,,,,,,,,,,,,,,,,,,,,,,
46,인천광역시,강화군,기초자치단체,강화문예회관,인천 강화군 강화읍 고비고개로 19번길 12,032-930-7046,강화군시설관리공단,공공기관 위탁,http://www.ghss.or.kr/,1991.12.12,"4,099.6 ","1,198 ","1,289.6 ",강화문예회관,843 ,"1,440.0 ",,,,,,,,, 4 , 1 , 43 ,," 10,326 "," 22,482 ", 192 , 10 ,,
47,인천광역시,계양구,기초자치단체,계양문화회관,인천광역시 계양구 계양산로35번길 11,032-551-6602,계양구시설관리공단,공공기관 위탁,www.gysiseol.or.kr,1997.11.27,"9,629.8 ",,,계양문화회관,795,2129.5,,,1,660,72,, 500 ," 3,729 ", 9 , 3 , 133 , 10 ," 4,649 "," 62,567 ", 319 , 103 ,,
48,인천광역시,남구,광역자치단체,인천수봉문화회관,인천광역시 남구 수봉안길 78,032-866-2019,(사)한국예총 인천광역시연합회,민간기관 위탁,www.artin.or.kr,1982.06.25,"3,895.0 ",,,인천수봉문화회관,,,160,515,2,582,541.2,,,, 6 , 3 , 129 , 200 ," 1,140 "," 44,304 ", 393 , 10 ,,
49,인천광역시,남동구,광역자치단체,인천문화예술회관,인천광역시 남동구 예술로 149,032-420-2713,인천광역시청,지자체 직영,art.incheon.go.kr,1994.04.08,"43,313.0 ","1,332 ","13,975.0 ",인천문화예술회관,486,3328,,,4,1742.2,,609, 440 , 914 , 282 , 241 , 316 , 708 ," 123,160 "," 213,241 "," 21,058 "," 1,108 ",,
50,인천광역시,남동구,기초자치단체,남동소래아트홀,인천광역시 남동구 아암대로1437번길 32(논현동),032-460-0560,남동구도시관리공단,공공기관 위탁,www.namdongarts.kr,2011.11.17,"9,995.0 ",,,남동소래아트홀,703,627,193,277,1,525,266,72, 50 , 50 , 17 , 10 , 185 , 254 ," 70,651 "," 91,427 "," 1,386 ", 180 ,,
51,인천광역시,부평구,기초자치단체,부평아트센터,인천광역시 부평구 아트센터로 166,032-500-2000,(재)인천광역시부평구문화재단,공공기관 위탁,www.bpcf.or.kr,2010.04.02.,"17,236.5 ",,,"부평아트센터
 (해누리극장; 달누리극장)",885,2348.4,323,755.5,1,359.03,412.11,180.53, 200 , 431 , 35 , 12 , 139 , 265 ," 16,111 "," 135,078 "," 2,043 ", 472 ,,
52,인천광역시,서구,기초자치단체,서구문화회관,인천광역시 서구 서달로 190(가정동),032-567-1160,(재)인천광역시서구문화재단,민간기관 위탁,www.iscf.kr,1995.02.11,"14,435.2 ",,,서구문화회관,951,1485,200,457,1,314.8,592.6,144.1,,, 18 , 7 , 217 , 142 ," 46,472 "," 284,661 "," 1,650 ", 299 ,,
53,인천광역시,연수구,광역자치단체,트라이보울,인천광역시 연수구 인천타워대로 250(송도동 24-6) ,032-455-7185,(재)인천문화재단,공공기관위탁,www.tribowl.kr,2012.11.22.,823.0 ,,,트라이보울,300,302.1,,,1,352.38,111.13,,,, 9 , 3 , 169 , 146 ," 3,003 "," 26,826 "," 1,172 ", 49 ,,
54,인천광역시,중구,기초자치단체,중구문화회관,인천광역시 중구 축항대로 296번길 81(신흥동 3가 39-24),032-760-6400,중구청,지자체 직영,artcenter.icjg.go.kr,2012.09.21,"6,878.6 ",,,중구문화회관,638,1486,,,1,140,,,,, 7 , 3 , 57 ,," 5,010 "," 16,620 ", 300 , 41 ,,
,,,,인천광역시 총계,9,,,,,,,,,,,,,,,,,,,,,,,,,,,,,
55,광주광역시,광산구,기초자치단체,광산문화예술회관,광주광역시 광산로68번길 13(송정동),062-960-8864,광산구청,지자체 직영,http://art.gwangsan.go.kr,2002-08-29,"4,355.0 ",,,광산문화예술회관,548 ,625.0 ,,,,,109,,100 ,109.0 , 6 , 3 , 137 , 16 ," 12,800 "," 47,856 ", 230 , 20 ,,
56,광주광역시,남구,기초자치단체,남구문화예술회관,광주광역시 남구 봉선로 208,062-670-5060;5061,학교법인 송원대학교,민간기관위탁,www.namguart.com,2003-11-21,, - ,-,남구문화예술회관, 402 ,532.6 , - ,-,1,187.2 ,-,-, - ,-, 4 , 2 , 198 , 7 ,," 74,446 ", 100 , 30 ,,
57,광주광역시,남구,광역자치단체,빛고을시민문화관,광주광역시 남구 천변좌로 338번길 7 ,062-670-7941,(재)광주문화재단,공공기관위탁,http://bitculture.gjcf.or.kr/php/,2010-02-18,"14,083.3 ",,,빛고을시민문화관, 715 ,"1,532.9 ",,,,,163.5,,,, 22 , 15 , 212 ,,," 88,126 "," 2,338 ", 155 ,,
58,광주광역시,동구,기초자치단체,동구문화센터,광주광역시 동구 남문로 646,062-225-8700,동구행복재단,민간기관위탁,www.donggucc.kr,2009-07-02,"4,513.0 ",,,동구문화센터,,,108 ,226.0 ,,,219,,,, 29 ,, 42 ,,," 2,429 ", 27 , 3 ,,
59,광주광역시,북구,광역자치단체,광주문화예술회관,광주광역시 북구 북문대로 60,062-613-8333,광주광역시,지자체 직영,www.gjart.net,1991-10-21,46;979,"1,722 ","13,704.0 ",광주문화예술회관,504 ,"4,834.0 ",,,1,"2,201.0 ",,,,, 63 , 6 , 317 , 236 ," 141,260 "," 2,143,651 "," 22,931 ", 382 ,,
60,광주광역시 ,서구,광역자치단체,5·18기념문화관,광주광역시 서구 내방로 152(쌍촌동),062-613-7911,광주광역시5·18기념문화센터,공공,http://518center.gwangju.go.kr,2001-04-27,"10,581.0 ",,,5.18기념문화관(민주홀), 802 ,"2,238.1 ",,,,,,,,, 17 , 7 , 217 , 365 ,, 미집계 ," 2,955 ", 79 ,,
61,광주광역시 ,서구,기초자치단체,서구문화센터,광주광역시 서구 마재로 3(농성동),062-654-4300,YMCA,민간위탁,http://www.ymcakwangju.or.kr/,2000-04-15,"8,367.0 ",,,서구문화센터, 326 ,486.7 ,,,1,165.0 ,1729,75.6 ,,, 22 , 15 , 32 , 186 ," 2,840 "," 468,439 "," 1,379 ", 41 ,,
,,,,광주광역시 총계,7,,,,,,,,,,,,,,,,,,,,,,,,,,,,,
62,대전광역시,대덕구,기초자치단체,대덕문예회관,대전광역시 대덕구 대전로 1348(읍내동),042-608-6294,대전광역시 대덕구,지자체직영,http://lll.daedeok.go.kr, 2000.12.27 ," 3,453.0 ",,, 대덕문예회관 ,,, 196 , 333.0 , 2 , 308.0 , 264.0 ,,,, 12 ,, 56 , 51 ," 5,084 "," 14,740 ", 149 , 6 ,,
63,대전광역시,서구,광역자치단체,대전예술의전당,대전광역시 서구 둔산대로 135,042-270-8333,대전광역시,지자체직영,www.djac.or.kr,2003.10.01,"41,054.3 "," 1,546 ","2,515.0 ",대전예술의전당, 643 ,"1,228.0 ",,,,,,439.7 ," 1,000 ",449.6 , 49 , 38 , 222 ,," 171,985 "," 212,525 "," 13,581 ", 230 ,,
64,대전광역시,서구,기초자치단체,관저문예회관,대전광역시 서구 관저동로105번길 20,042-288-2790,대전광역시 서구,지자체직영,www.seogu.go.k,2012.09.17,"4,770.4 ",,,관저문예회관,,, 254 ,362.0 ,1,82.7 ,,,,, 5 , 2 , 172 , 3 ," 4,650 "," 45,720 ", 341 , 27 ,,
65,대전광역시,중구,광역자치단체,대전예술가의집,대전광역시 중구 중앙로 32,042-480-1085,(재)대전문화재단,공공기관 위탁,http://dah.dcaf.or.kr/art/main.do,2015.03.27,"9,133.0 ",,,대전예술가의집, 340 ,683.7 ,,,8,957.4 ,182,393.0 ,,, 49 , 4 , 142 , 258 ," 7,610 "," 70,461 "," 1,770 ", 127 ,,
,,,,대전광역시 총계,4,,,,,,,,,,,,,,,,,,,,,,,,,,,,,
66,울산광역시,남구,광역자치단체,울산문화예술회관,울산광역시 남구 번영로 200(달동),052-275-9623~8,울산광역시,지자체 직영,http://ucac.ulsan.go.kr,1995.10.05.,"27,078.0 "," 1,555 ","14,567.0 ",울산문화예술회관, 472 ,"4,874.0 ",,,5,"1,350.0 ",212,171.0 , 650 ,517.0 , 47 , 16 , 289 ," 1,496 "," 80,676 "," 403,993 "," 22,818 ", 939 ,,
67,울산광역시,동구,기초자치단체,꽃바위문화관,울산광역시 동구 문현3길 6(방어동),052-209-4330,동구청,지자체 직영,http://www.donggu.ulsan.kr/edu,2011.06.28.,"2,554.9 ",,,꽃바위문화관,,, 157 ,265.0 ,1,42.0 ,306,122.0 , 150 ,213.0 , 3 , - , 74 , - ," 4,162 "," 65,764 ", 395 , 12 ,,
68,울산광역시,북구,기초자치단체,북구문화예술회관,울산 북구 산업로 1000,052-241-7350,울산 북구,지자체 직영,https://art.bukgu.ulsan.kr/,2003.9.25.,"3,714.0 ",,,북구문화예술회관, 453 ,754.0 ,,,1,169.0 ,325,187.0 , 250 ,480.0 , 11 , 4 , 142 , 187 ," 36,321 "," 106,825 ", 429 , 39 ,,
69,울산광역시,울주군,기초자치단체,울주문화예술회관,울산 울주군 범서읍 천상중앙길 36,052-229-9500,울주군시설관리공단,공공기관 위탁,http://www.uljusiseol.or.kr/uljuart/,2009.11.20,"3,485.0 ",,,울주문화예술회관, 387 ,"2,854.0 ",,,1,110.0 ,97,85.0 ,,, 14 , 3 , 108 , 181 ," 6,736 "," 98,854 "," 2,025 ", 188 ,,
70,울산광역시,중구,기초자치단체,중구문화의전당,울산광역시 중구 종가로 405(성안동),052-290-4000,울산 중구,지자체 직영,http://artscenter.junggu.ulsan.kr/,2014.11.07,"7,741.5 ",,,, 499 ,"2,682.0 ", 123 ,203.1 ,1,645.7 ,363.19,,,, 13 , 5 , 191 , 179 ," 18,383 "," 89,423 "," 3,471 ", 114 ,,
,,,,울산광역시 총계,5,,,,,,,,,,,,,,,,,,,,,,,,,,,,,
71,세종특별자치시,세종시,광역자치단체,세종문화예술회관,세종특별자치시 조치원읍 문예회관길 22,044-301-3521,세종특별자치시청,지자체 직영,http://www.sejong.go.kr/artcenter.do,2000.10.04,"6,264.0 ",,,세종문화예술회관,870 ,783.0 ,,,1,296.0 ,,89,,, 5 , 3 , 66 , 45 ," 4,130 "," 43,800 ", 408 , 34 ,,
,,,,세종특별자치시 총계,1,,,,,,,,,,,,,,,,,,,,,,,,,,,,,
72,경기도,가평군,기초자치단체,문화예술회관,경기도 가평군 가평읍 문화로 131,031-8078-8076,가평군시설관리공단,공기업(지방공단) 위탁,www.gpfmc.or.kr , 1998. 7. 11,"4,801.0 ",,,문화예술회관, 641 ,951.0 ,,,1,290.0 ,,107.0 , 200 ,300.0 , 3 , 3 , 78 , 33 ," 11,891 "," 60,860 ", 386 , 53 ,,
73,경기도,고양시,기초자치단체,고양시문예회관,경기도 고양시 덕양구 고양시청로10 문예회관,031-965-2957,고양도시관리공사,공공기관 위탁,http://goart.gys.or.kr,1989.09.01.,"4,919.8 ",,,고양시문예회관, 468 ,815.0 ,,,,,,,,, 5 ,, 9 ,," 6,000 "," 82,490 ", 221 , 59 ,,
74,경기도,고양시 ,기초자치단체,고양아람누리 ,경기도 고양시 일산동구 중앙로 1286 , 1577-7766 ,(재)고양문화재단 ,민간기관 위탁,www.artgy.or.kr , 2007.05.04 ,"56,351.2 "," 1,887 ","15,906.4 ",고양아람누리 ," 1,449 ","5,643.4 ", 300 ,"1,699.5 ",2,"2,031.0 ",,," 1,000 ","1,076.0 ", 84 , 23 , 359 , 304 ," 65,684 "," 245,259 "," 5,511 "," 1,319 ",,
75,경기도,고양시 ,기초자치단체,고양어울림누리 ,경기도 고양시 덕양구 어울림로 33, 1577-7766 ,(재)고양문화재단 ,민간기관 위탁,www.artgy.or.kr , 2004.09.01 ,"43,744.3 "," 1,218 ","13,645.7 ",고양어울림누리 , 374 ,"2,130.9 ",,,1,533.0 ,,, 300 ,300.0 ,,, 319 , 222 ," 71,661 "," 191,791 "," 12,468 ", 592 ,,
76,경기도,과천시,기초자치단체,과천시민회관,경기도 과천시 통영로5 ,02-504-7300,과천시시설관리공단,공공기관 위탁,www.gccs.or.kr,1995.10.07,"7,726.6 ",,,과천시민회관,929 ,"2,122.7 ",380 ,"1,114.7 ",2,429.4 ,,664.7,"1,200 ","3,603.3 ", 23 , 10 , 115 , 468 ," 5,371 "," 414,528 "," 1,063 ", 578 ,,
77,경기도,광명시,기초자치단체,광명시민회관,경기도 광명시 시청로 20,02-2621-8800,(재)광명문화재단,공공기관 위탁 ,www.gmcf.or.kr ,1990.01.17,"5,845 ",,,광명시민회관, 550 ,356.2 ,,,1,347.0 ,,,,, 33 , 8 , 212 , 168 ," 4,999 "," 120,843 ", 926 , 80 ,,
78,경기도,광주시,기초자치단체,남한산성아트홀,경기도 광주시 회안대로 891,031-798-9880,광주도시관리공사,공공기관위탁,www.nsart.or.kr,2011.09.28,"6,054.0 "," 1,068 ","1,755.0 ",남한산성아트홀, - ,-, 270 ,390.0 ,2,397.0 ,-,-, - ,-, 14 , 8 , 258 , 205 ," 15,747 "," 138,063 "," 1,418 ", 640 ,,
79,경기도,구리시,기초자치단체,구리아트홀,경기도 구리시 아차산로 453,031-550-8808,구리시청,지자체 직영,www.gart.go.kr,2013.05.24," 10,575.0 ",,,구리아트홀,600 ,"1,325.0 ",280 ,306.8 ,1 ,462.0 ,372 ,,,, 23 , 14 , 112 , 295 ," 23,268 "," 91,535 "," 2,912 ", 823 ,,
80,경기도,군포시,기초자치단체,군포문화예술회관,경기도 군포시 고산로 599,031)390-3500,(재)군포문화재단,민간기관위탁,www.gunpoart.net,1998.05.07,"24,926.0 "," 1,134 ","1,149.0 ",군포문화예술회관, 428 ,334.0 ,  -  ,-,2,552.0 ,487,439.0 , 200 ,496.0 , 29 , 12 , 169 , 251 ," 34,081 "," 244,036 "," 5,572 "," 1,069 ",,
81,경기도,김포시,기초자치단체,김포아트홀,경기도 김포시 돌문로 26,031-996-1603,(재)김포문화재단,공공기관 위탁,https://www.gcf.or.kr,2014-04-01,"9,008.0 ",,,, 503 ,"2,167.0 ",,,1,370.0 ,,126.0 ,,, 27 , 3 , 143 , 538 ," 6,609 "," 20,808 "," 4,049 ", 194 ,,
82,경기도,동두천시,기초자치단체,동두천시민회관,경기 동두천시 어수로 4,031-860-3241,동두천시,지차체 직영,http://www.ddc.go.kr/ddc/contents.do?key=634,1992.05.14,"6,080.0 ",,,동두천시민회관 공연장, 480 ,680.0 ,,,1,212.0 ,,,,, 11 ,, 111 , 17 , 없음 ," 19,890 ", 792 , 61 ,,
83,경기도,부천시 ,기초자치단체,부천시민회관 ,경기도 부천시 부일로 365(중동),032-652-5848,(재)부천문 화재단,민간기관 위탁,www.bcf.or.kr,1988.02.20,"10,633.3 ","1,152 ","2,196.0 ",부천시민회관, -, -,221 ,405.0 , -, -,844 , -, -, -, 5 , 3 , 283 ,  - ," 21,825 "," 70,849 ", 128 , 165 ,,
84,경기도,부천시 ,기초자치단체,복사골문화센터,경기도 부천시 장말로 107(상동),032-320-6330,(재)부천문 화재단,민간기관 위탁,www.bcf.or.kr,1998.12.28,"30,097.0 ",  - , -,복사골문화센터,606 ,885.0 ,186 ,263.0 ,1 ,356.0 ,174 ,431.1 ,  - , -, 48 , 10 , 154 , 193 ," 32,959 "," 35,255 ", 192 , 112 ,,
85,경기도, 성남시 ,기초자치단체,성남아트센터 ,경기도 성남시 분당구 성남대로 808(야탑동),031-783-8000,(재)성남문화재단,민간기관 위탁,www.snart.or.kr,2005.10.14,"133,858.4 ","1,808 ","16,933.6 ",성남아트센터 ,"1,102 ","10,783.2 ",378 ,"3,964.3 ",3,"1,719.0 ",476,283,480 ,"1,009.0 ", 96 , 31 , 627 ," 1,095 "," 269,621 "," 305,057 "," 25,680 "," 2,867 ",,
86,경기도,수원시,민간기업,수원SK아트리움,수원시 장안구 이목로 24-25,031-250-5300,(재)수원문화재단,공공기관 위탁,http://www.suwonskartrium.or.kr/,2014.3.6.,"14,904.0 ",,,수원SK아트리움, 950 ,"5,024.0 ", 300 ,"1,234.0 ",,,,,,, 25 , 8 , 187 , - ," 16,503 "," 62,097 "," 2,097 ", 503 ,,
87,경기도,수원시,기초자치단체,수원시민회관,수원시 팔달구 팔달산로 28,031-244-2161,수원문화원,민간기관 위탁,http://www.suwonsarang.com/,1970.1201,"3,207.0 ",,,수원시민회관, 372 ,604.0 ,,,,,984,"1,619.0 ",,, 4 , - , 30 ,, - ," 30,149 ", 217 , 9 ,,
88,경기도,수원시 ,광역자치단체,경기도문화의전당 ,경기도 수원시 팔달구 효원로 307번길 20,031-230-3200,(재)경기도문화의전당,민간기관 위탁,www.ggac.or.kr,1991.06.28,"34,982.0 "," 1,542 ","13,295.0 ",경기도문화의전당 ,수원 : 502,"3,157.0 ",-,-,2 ,"1,038.0 ",-,570.0 ,"2,000 ","2,140.0 ", 361 , 324 , 309 , 353 ," 121,958 "," 319,116 "," 38,491 "," 3,710 ",,
89,경기도,안산시,기초자치단체,안산문화예술의전당,경기도 안산시 화랑로 312,031-481-4000,(재)안산문화재단,민간기관 위탁,www.ansanart.com,2004.10.02,"44,612.0 ","1,592 ","2,167.0 ",안산문화예술의전당,714 ,"1,273.0 ",200 ,316.0 ,4 ,"1,448.7 ",639 ,527.0 ,"1,000 ",950.0 , 52 , 16 , 326 , 286 ," 22,206 "," 262,708 "," 13,105 "," 1,420 ",,
90,경기도,안성시,기초자치단체,안성맞춤아트홀,안성시 발화대길 21(현수동; 안성맞춤아트홀),031-660-0660,안성시청,지자체 직영,https://www.anseong.go.kr/arthall/main.do,2017.11.07.,"14,812.1 ",,,안성맞춤 아트홀, 991 ,"2,034.7 ",,,3,763.3 ,143.14,492.8 ,,, 15 , 7 , 40 , 50 ," 6,848 "," 27,059 "," 1,512 ", 141 ,,
91,경기도, 안양시 ,기초자치단체,안양아트센터 ,경기도 안양시 만안구 문예로 36번길 16(안양동)?,031-687-0500,(재)안양문화예술재단,민간기관 위탁,http://www.ayac.or.kr,1989.12.05,15609.0 ,"1,126 ",2161.0 ,수리홀,382 ,643.0 ,,,1,349.0 ,,539,350 ,304.0 , 83 , 20 , 281 , 197 ," 33,045 "," 150,656 "," 11,618 ", 255 ,,
92,경기도, 안양시 ,기초자치단체,평촌아트홀 ,경기도 안양시 동안구 평촌대로 76(호계동),031-687-0500,(재)안양문화예술재단,민간기관 위탁,http://www.ayac.or.kr,2004.09.22,,,,아트홀,638 ,893.0 ,,,3,1097.0 ,1013.0 ,,,,,, 112 , 216 ,," 29,010 ",,,,
93,경기도,양주시,기초자치단체,양주시문화예술회관,경기도 양주시 광적면 부흥로 618번길 303,031-828-9731,양주시시설관리공단,공공기관 위탁,http://yjhome.tmsp.co.kr/main/main.asp,1997.10.01.,"8,284.0 ",  -  ,-,-, 355 ,618.0 ,  -  ,-,1,71.4 ,,571.0 , 600 ,"1,487.0 ", 6 , 1 , 36 , - ," 9,174 "," 12,590 ", 489 , 215 ,,
94,경기도,양평군 ,기초자치단체,양평군민회관 ,경기도 양평군 양평읍 마유산로 1,031-770-3776,양평군청,지자체 직영, http://yp21.net ,1989.04.30,"2,502.0 ",,,양평군민회관 , 379 ,645.0 ,,,,,,,,, 2 , - , 50 ,," 8,690 "," 43,017 ", 130 , 14 ,,
95,경기도,여주시,기초자치단체,세종국악당,경기도 여주시 영릉로 125(하리 107-12번지),031-881-9734;9735,여주세종문화재단,공공기관 위탁,,1991.07.15,1;901;62,  -  ,,, 400 ,"1,284.9 ",,,,,83.6,,,, 2 , 1 , 132 , - ," 4,789 "," 5,453 ", 363 ," 1,349 ",,
96,경기도,연천군,기초자치단체,연천수레울아트홀,경기도 연천군 연천읍 문화로 150,031-834-3770,연천시설관리공단,공공기관위탁,http://sureul.co.kr,2011.04.20,"5,225.0 ",,,연천수레울아트홀, 580 ,"1,460.0 ", 195 ,625.0 ,,,,, 150 ,200.0 , 12 , 6 , 22 ,," 14,175 "," 57,104 "," 1,185 ", 147 ,,
97,경기도,오산시,기초자치단체,오산문화예술회관,경기도 오산시 경기동로 41,031-379-9900,(재)오산문화재단,민간기관 위탁,https://osan.go.kr/arts/main.do,2004.04.23.,"6,461.8 ",,,오산문화예술회관, 800 ,"2,899.9 ", 207 ,901.7 ,,,,,,, 33 , 7 , 173 , - ," 6,906 "," 56,890 ", 969 , 135 ,,
98,경기도, 용인시 ,기초자치단체,용인포은아트홀,경기도 용인시 수지구 포은대로 499,031-260-3353,(재)용인문화재단,민간기관 위탁,www.yicf.or.kr,2012.10.04,"13,826.0 ","1,244 ","4,999.0 ",용인포은아트홀,,,,,1,506.0 ,,,,, 81 , 38 , 92 ,," 34,976 "," 59,726 "," 3,560 ", 409 ,,
99,경기도, 용인시 ,기초자치단체,용인시문예회관,경기도 용인시 처인구 중부대로 1392번길 5,031-335-0455,(재)용인문화재단,민간기관 위탁,www.yicf.or.kr,1989.05.25,"4,882.0 ",,,처인홀,626 ,"1,038.0 ",,,,,,252,,,,, 22 , 275 ," 1,830 "," 8,628 "," 2,614 ", 30 ,,
100,경기도, 용인시 ,기초자치단체,문화예술원,경기도 용인시 처인구 중부대로 1199,031-323-6342,(재)용인문화재단,민간기관 위탁,www.yicf.or.kr,2015.12.17,"7,178.0 ",,,마루홀,,, 286 ,54.0 ,1,519.0 ,,,,,,, 119 , 183 ," 1,034 "," 20,508 "," 9,100 ", 43 ,,
101,경기도,의정부시,기초자치단체,의정부예술의전당,경기도 의정부시 의정로1,031-828-5841,(재)의정부예술의전당,공공기관 위탁,www.uac.or.kr/,2001.04.06,"22,372.4 ","1,025 ","12,724.0 ",의정부예술의전당,-,-,233 ,"6,618.0 ",1,740.0 ,594,450,-,-, 55 , 33 , 288 , 405 ," 34,153 "," 280,834 "," 7,428 ", 877 ,,
102,경기도,이천시,기초자치단체,이천아트홀,경기도 이천시 부악로 40(중리동),031-644-2100,이천시,지자체 직영,www.art.icheon.go.kr,2009.6.8,"11,843.0 "," 1,200 ","6,358.7 ",이천아트홀, 450 ,"1,757.8 ",,,1,660.0 ,,,,, 21 , 15 , 220 , 108 ," 21,618 "," 88,950 "," 2,046 ", 663 ,,
103,경기도 ,파주시,기초자치단체,파주시민회관,경기도 파주시 시민회관길 33,031-950-1853,파주시 시설관리공단,공공기관 위탁,www.pajucf.or.kr,1994.7.4,"7,511.0 ",,,파주시민회관 대공연장, 497 ,"2,016.0 ",,,1,158.0 ,,, 300 ,434.0 , 4 , 3 , 143 , - ," 26,530 "," 49,325 ", 379 , 22 ,,
104,경기도 ,파주시,기초자치단체,문산행복센터,경기도 파주시 문산읍 통일로 1680,031-950-1893,파주시 시설관리공단,공공기관 위탁,www.pajucf.or.kr,2011.6.27,"17,848",,,문산행복센터, 463 ,"1,160.0 ", 100 ,230.1 ,1, 299.0 ,,,,, 2 , 2 , 101 , 7 ," 18,760 "," 49,580 ", 12 , 39 ,,
105,경기도 ,파주시,기초자치단체,운정행복센터,경기도 파주시 와석순환로 415,031-950-1911,파주시 시설관리공단,공공기관 위탁,www.pajucf.or.kr,2013. 3. 28.,"29,399.9 ",,,운정행복센터, 542 ,"1,703.2 ", 200 ,503.5 ,,,,,,, 7 , 3 , 120 , - ," 44,554 "," 91,517 ", 37 , 75 ,,
106,경기도,평택시,기초자치단체,남부문화예술회관,경기도 평택시 중앙로 277,031-8024-5411,평택시,직영,http://www.pyeongtaek.go.kr/Contents.do?MENU_CODE=500400000000,1993.11.03,"6,736.0 ",,,남부문화예술회관,606 ,"1,062.0 ",256 ,246.0 ,1,310.0 ,,132,"1,000 ",200.0 , 7 , 1 , 425 , 75 ," 68,948 "," 133,083 "," 9,600 ", 88 ,,
107,경기도,평택시,기초자치단체,북부문화예술회관,경기도 평택시 경기대로 1366,031-8024-8321,평택시,직영,http://www.pyeongtaek.go.kr/Contents.do?MENU_CODE=500400000000,1991.12.07,"5,099.0 ",,,북부문화예술회관,631 ,"1,696.0 ",300 ,486.0 ,1,330.0 ,,,,, 4 , 1 , 125 , 14 ," 25,060 "," 43,080 "," 9,600 ", 32 ,,
108,경기도,평택시,기초자치단체,서부문화예술회관,경기도 평택시 서동대로 1531,031-8024-7391,평택시,직영,http://www.pyeongtaek.go.kr/Contents.do?MENU_CODE=500400000000,1991.10.29,"5,417.0 ",,,서부문화예술회관,786 ,"1,025.0 ",168 ,195.0 ,,,,,,, 2 , 1 , 91 ,," 25,881 "," 39,981 "," 9,600 ", 34 ,,
109,경기도,포천시,기초자치단체,포천반월아트홀,경기도 포천시 군내면 청성로 111,031-540-6213,포천시시설관리공단,공공기관 위탁,www.pcss.kr,2003.10.18,"10,945.0 ",,,대공연장, 900 ,844.8 , 249 ,245.5 ,1,628.3 ,-,201.7 ,,, 13 , 4 , 27 , 69 ," 8,062 "," 100,393 "," 1,549 ", 361 ,,
110,경기도,하남시,기초자치단체,하남문화예술회관,경기도 하남시 신평로 125(덕풍동),031-790-7979,(재)하남문화재단,민간기관 위탁,www.hnart.or.kr,2007.05.11,"8,707.0 ",,,하남문화예술회관, 911 ,690.1 , 367 ,340.0 ,1,316.7 ,149,, 200 ,632.0 , 34 , 17 , 187 , 142 ," 24,112 "," 107,157 "," 6,040 ", 419 ,,
111,경기도,화성시,기초자치단체,화성아트홀,경기도 화성시 태안로 145,1588-5234,(재)화성시문화재단,공공기관 위탁,http://art.hcf.or.kr,2008.12.23.,"28,067.0 ",,,화성아트홀, 712 ,600.0 ,,,,,,,,, 3 , 3 , 28 ,," 1,382 "," 14,634 ", 505 , 45 ,,
112,경기도,화성시,기초자치단체,반석아트홀,경기도 화성시 노작로 134,1588-5234,(재)화성시문화재단,공공기관 위탁,http://art.hcf.or.kr,2011.04.30.,"27,887.2 ",,,반석아트홀, 548 ,360.0 ,,,1,275.0 ,,, 600 ,175.0 , 18 , 14 , 136 , 271 ," 16,502 "," 100,856 "," 3,607 ", 268 ,,
113,경기도,화성시,기초자치단체,누림아트홀,경기도 화성시 남양읍 시청로 155,1899-3254,(재)화성시문화재단,공공기관 위탁,http://art.hcf.or.kr,2017.04.08,"20,332.7 ",,,누림아트홀, 392 ,315.0 ,,,,,,,,, 7 , 6 , 58 ,," 6,105 "," 20,004 "," 1,007 ", 77 ,,
,,,,경기도 총계,42,,,,,,,,,,,,,,,,,,,,,,,,,,,,,
114,강원도,강릉시,기초자치단체,강릉아트센터,강원도 강릉시 종합운동장길 84,033-660-6800,강릉아트센터,지자체 직영,https://www.gn.go.kr/artscenter/index.do,1992.03.07,"14,642.5 ", 998 ,"1,924.0 ",강릉아트센터,,, 385 ,735.0 ,3,911.0 ,123,81.0 ,,, 18 , 13 , 134 , 80 ," 1,484 "," 53,991 "," 1,794 ", 59 ,,
115,강원도,강릉시,기초자치단체,"강릉단오제전수교육관
(구 강릉단오문화관)",강원도 강릉시 단오장길 1,033-660-3940,강릉시청,지자체 직영,www.gn.go.kr/dano/,2004.2.19,"4,165.0 ",,,강릉단오제전수교육관, 453 ,"1,952.0 ",,,,,,,,, 5 , 3 , 177 , 358 ,," 103,680 ", 329 , 25 ,,
116,강원도,고성군,기초자치단체,고성군문화복지센터,강원도 고성군 거진읍 자산천로 240,033-680-3366,고성군청,지자체직영,,2005.12.8,"3,609.9 ",,,고성문화복지센터,,, 280 ,774.5 ,,,,,,, 1 ,, 15 ,,," 3,000 ", 25 ,,,
117,강원도,동해시,기초자치단체,동해시문화예술회관,강원도 동해시 천곡동 809,033-530-2443,동해시청,지자체 직영,http://branch.dh.go.kr,1995.03.02,"5,247.0 ",,,동해시문화예술회관,570 ,756.0 ,200 ,230.0 ,2,156.9 ,,,"1,500 ","1,152.0 ", 6 , 3 , 199 , 91 ," 12,237 "," 55,211 "," 1,710 ", 57 ,,
118,강원도,삼척시,기초자치단체,삼척문화예술회관,삼척시 엑스포로 45,033)572-1331,삼척시,지자체 직영,http://www.samcheok.go.kr/,1994.06.04.,"5,220.0 ", - ,0.0 ,삼척문화예술회관, 932 ,528.0 , 248 ,62.0 ,3,371.7 ,0,0.0 ," 1,598 ","1,279.0 ", 11 , 3 , 156 , 97 ," 8,199 "," 21,608 "," 1,571 ", 79 ,,
119,강원도,속초시,기초자치단체,속초문화회관,강원도 속초시 번영로 155,033-639-2080,속초시청,지자체 직영,http://sokcho.gangwon.kr,1990.10.10,"4,539.0 ",,,속초문화회관,594 ,"2,987.9 ",128 ,222.3 ,2,366.6 ,,,,, 6 , 4 , 65 , 69 ,," 26,257 ", 150 , 19 ,,
120,강원도,양구군,기초자치단체,양구문화복지센터,강원도 양구읍 비봉로 73번길 52,033-480-2241,양구군청,지자체 직영,,2000.11.06,"6,585.0 ",,,양구문화복지센터, 385 ,491.4 ,,,2,273.0 ,364.23,119.7 ,,, 1 ,,, 3 ,," 93,372 ", 82 , 88 ,,
121,강원도,양양군,기초자치단체,양양문화복지회관,강원도 양양군 일출로 540,033-670-2348,양양군,지자체 직영,없음 ,2004.12.23,"5,019.3 ",,,양양군문화복지회관, 379 ,714.4 ,,,1,158.8 ,163.08,51.84(3), 1 ,, 6 , 2 , 50 , 55 , 무  ," 22,630 ", 598 , 5 ,,
122,강원도,영월군,기초자치단체,영월문화예술회관,강원도 영월군 영월읍 단종로 24,033-375-6353,재단법인 영월문화재단,공공기관 위탁,www.ywcf.or.kr,1992.12.05,"3,108.8 ",,,, 394 ,"1,180.3 ",,,2,"1,422.2 ",,140.0 ,,, 6 , - , - , - , - , - , - , - ,,
123,강원도,원주시,기초자치단체,치악예술관,강원도 원주시 서원대로 331,033-763-9114,(재)원주문화재단,공공기관 위탁,http://www.wcf.or.kr,1994. 05. 04.,"7,807.0 ",,,치악예술관, 600 ,"1,286.0 ",,,1,556.0 ,,,,, 23 , 3 , 94 , 209 ," 1,987 "," 119,375 ", 169 , 53 ,,
124,강원도,원주시,기초자치단체,원주백운아트홀,강원도 원주시 시청로 1,033-737-3820,원주시,지자체 직영,www.wonju.go.kr/baekunart/ ,2007. 11.,"6,413.1 ",,,원주백운아트홀, 972 ,6413..06,,,,,,,,, 4 , 3 , 139 ,,," 90,700 ", 263 , 45 ,,
125,강원도,인제군,기초자치단체,인제하늘내린센터,강원도 인제군 인제읍 비봉로44번길100,033-460-8900,인제군문화재단,공공기관,www.injeart.or.kr,2009.08.06,"13,655.9 ", - ,0.0 ,인제하늘내린센터, 686 ,"5,015.0 ", - ,0.0 ,2,"대전시실
(235.24)
소전시실
(115.15)",,268.2 , - ,0.0 , 32 , 6 , 26 , 5 ," 3,789 "," 10,418 "," 7,027 ", 59 ,,
126,강원도,정선군,기초자치단체,아리랑센터,정선군 정선읍 애산로 51,033-560-3000,(재)정선아리랑문화재단,공공기관 위탁,없음,2016.05.19,"16,620.66 ",,,아리랑홀, 612 ,"1,377.67 ",,,2,482.68 ,해당없음,66.67 ,,, 22 , 7 , 79 , 292 , 해당없음 ," 34,649 ", 260 , 해당없음 ,,
127,강원도,정선군,기초자치단체,정선문화예술회관,정선군 정선읍 봉양3길 17,033-560-2567,정선군청,지자체 직영,www.jacf.or.kr,1993.10.09,"2,901.0 ",,,정선문화예술회관, 414 ,598.0 ,,,,,,,,, 4 , 2 , 72 ,, - ," 13,203 ", 123 , 3 ,,
128,강원도,철원군,기초자치단체,화강문화센터,강원도 철원군 서면 약수로 3,033-450-5519,철원군,지자체 직영,-,2010.6.18.,"1,892.3 ",,,화강문화센터 공연장,,, 240 ,481.4 ,,,251,,,, 1 ,, 16 ,,," 6,840 ", 187 , 2 ,,
129,강원도,춘천시,기초자치단체,춘천문화예술회관,강원도 춘천시 효자상길5번길 13(효자동),033-259-5841,(재)춘천시문화재단,민간기관 위탁,http://www.ccac.or.kr/,1993.04.10,"9,782.8 ",,,춘천문화예술회관, 998 ,"1,698.0 ",,,1,756.0 ,360,166,,347.0 , 34 , 3 , 171 , 202 ," 16,000 "," 87,292 "," 1,139 ", 398 ,,
130,강원도,태백시,기초자치단체,태백문화예술회관,태백시 고원로 203,033-550-2781,태백시청,직영,www.taebaek  go.kr,2003.06.30,"6,833.5 ", - ,0.0 ,, 786 ,"4,339.0 ", 224 ,391.0 ,2,364.0 ,,163.0 , 640 ,525.4 , 11 , 3 , 19(143) , 50 ," 5,582 "," 57,485 ", 917 , 60 ,,
131,강원도,평창군,기초자치단체,평창문화예술회관,평창읍 문화예술길 51,033-330-2546,평창군청,지자체 직영,없음,1999.10.05,"4,198.0 ", 해당없음 ,,평창문화예술회관, 454 ,624.2 , 200 ,297.0 ,1,233.0 ,0,0.0 , 200 ,645.0 , 3 , - , 21 , - , - ," 29,353 ", 243 , 3 ,,
132,강원도,홍천군,기초자치단체,홍천문화예술회관,강원도 홍천군 홍천읍 설악로 1792,033-430-5800,(재)홍천문화재단,위수탁운영,www.hccf.or.kr,1995.03.23.,"3,878.0 ", 해당없음 ,,홍천문화예술회관, 497 ,"1,730.0 ", 해당없음 ,,1,292.0 ,해당없음,216.0 , 해당없음 ,, 4 , 4 , 28 , 7 ," 2,504 "," 37,469 ", 197 , 36 ,,
133,강원도,화천군,기초자치단체,화천문화예술회관,강원도 화천군 화천읍 상승로 91,033-440-2573,화천군,지자체 직영,없음,1996.12.07,"5,930.0 ", - ,0.0 ,화천문화예술회관, 493 ,956.0 , 144 ,213.0 ,1,88.0 ,0,0.0 , - ,0.0 , 2 , - , 72 , 10 , - ," 25,660 ", 408 , 5 ,,
134,강원도,횡성군,기초자치단체,횡성문화예술회관,횡성군 횡성읍 문예로 75,033-340-5973,횡성군,직영,http://hsg.go.kr/art/html/main/,2013.12.18.,"4,237.0 ",,,횡성문화예술회관, 690 ,"1,148.0 ", 85 ,128.0 ,1,113.0 ,,70.0 ,,, 5 , 2 , 64 , 72 , 236 ," 39,355 ", 58 , 1 ,,
,,,,강원도 총계,21,,,,,,,,,,,,,,,,,,,,,,,,,,,,,
135,충청북도,괴산군,기초자치단체,문화예술회관,충북 괴산군 괴산읍 읍내로 266,043)8032686,괴산군청,시설사업소,,1989.04.13,"3,239.6 ",,,, 593 ,"1,137.6 ",,,,,,,,, 1 ,, 45 ,,," 15,500 ", 80 , 2 ,,
136,충청북도,단양군,기초자치단체,단양문화예술회관,충북 단양군 중앙1로 32,043-420-2577,단양군청,지자체 직영,www@dy21.neet,1986.4.15.,"3,195.0 ",,,단양문화예술회관, 498 ,"1,306.0 ",,,,,,,,, 1 ,, 69 ,," 1,717 "," 20,946 ", 322 , 2 ,,
137,충청북도,보은군,기초자치단체,보은문화예술회관,충청북도 보은읍 뱃들로 54,043-540-3755,보은군청,지자체 직영,,1994.10.05,"4,589.0 ",,,보은문화예술회관, 621 ,"1,120.0 ",,,,,,,,, 2 , 1 , 78 ,, 800 ," 31,400 ", 102 , 2 ,,
138,충청북도,영동군,기초자치단체,난계국악당,충북영동군 영동읍 성안길11,043-740-3884,,지자체직영,,1987.04.07,"11,880.0 ",,,난계에술회관, 483 ,"1,989.0 ",,,,,,,,, 1 ,, 55 ,, - ," 19,000 ", 103 , 2 ,,
139,충청북도,옥천군,기초자치단체,옥천문화예술회관,충청북도 옥천군 옥천읍 문정1길 32,043-730-4891~2,옥천군청,지자체 직영,www.oaca.go.kr,2008.05.16,"2,989.7 ",,,옥천문화예술회관, 472 ,935.0 ,,,1,79.5 ,,,,, 2 ,, 51 , - , 923 ," 22,233 ", 520 , 7 ,,
140,충청북도,음성군,기초자치단체,음성문화예술회관,충북 음성군 음성읍 예술로102,043-871-5949,음성군,지자체 직영,www.esart.go.kr,2008.9.27.,"7,290.0 ",,,, 600 ,916.0 ,,,1,153.0 ,54,240.0 ,,, 7 , 4 , 41 , 36 ," 6,761 "," 36,240 "," 1,253 ", 151 ,,
141,충청북도,제천시,기초자치단체,제천시문화회관,제천시 의병대로6길 32,641-5552,제천시,직영,http://www.jecheon.go.kr,1985. 02. 29,"4,160.0 ",,,제천시문화회관, 654 ,210.2 ,,,,,,136.82 ," 13,000 ","17,800.0 ", 5 , 3 , 43 , - ," 4,865 "," 75,291 ", 406 , 17 ,,
142,충청북도,증평군,기초자치단체,증평문화회관,충청북도 증평군 증평읍 삼보로 28,043-835-4115,증평군청,지자체 직영,www.jp.go.kr,1992.11.28.,"3,242.0 ",,,증평문화회관, 492 ,763.8 ,,,,,,,,, 1 ,, 54 ,," 5,997 "," 18,737 ", 91 , 4 ,,
143,충청북도,진천군,기초자치단체,화랑관,충청북도 진천군 진천읍 문화로 69-4,043-539-7694,진천군청,지자체 직영,,2003. 6. 21.,"3,572.0 ",,,화랑관, 420 ,363.0 ,,,,,,,,, 2 ,, 44 ,,," 58,927 ", 374 , 15 ,,
144,충청북도,청주시,기초자치단체,청주아트홀,충청북도 청주시 서원구 예체로 118-1,043-201-2302,청주시청,지자체 직영,www.cheongju.go.kr/ac/index.do,1979.05.01,"3,000.4 ",,,청주아트홀, 710 ,282.5 ,,,,,,,,, 31 , 3 , 263 , - ," 80,250 "," 120,600 "," 1,971 ", 87 ,,
145,충청북도,청주시,기초자치단체,청주예술의전당,충청북도 청주시 서원구 흥덕로 69,043-201-2302,청주시청,지자체 직영,www.cheongju.go.kr/ac/index.do,1995.04.10,"19,811.5 "," 1,493 ","6,156.0 ",청주예술의전당,,, 296 ,"1,506.0 ",3,"2,009.0 ",,464.0 ,,,, 7 , 116 , 702 ," 255,390 "," 387,737 ",, 345 ,,
146,충청북도,충주시,기초자치단체,충주시문화회관,충청북도 충주시 중앙로 128(성내동),043-850-3913,충주시청,지자체 직영,http://www.chungju.go.kr/culture/,1985.10.09,"5,753.0 ", - ,-,-, 933 ,"2,212.0 ", - ,-,2,546.0 ,-,-, - ,-, 5 , 3 , 69 , 39 ," 41,896 "," 82,934 ", 632 , 33 ,,
,,,,충북 총계,12,,,,,,,,,,,,,,,,,,,,,,,,,,,,,
147,충청남도,계룡시,기초자치단체,계룡문화예술의전당, 충청남도 계룡시 엄사면 문화로 31,042-840-3712,㈜우리피앤에스,민간기관위탁,http://ac.gyeryong.go.kr,2011.06.17.,"9,462.7 ",,,계룡문화예술의전당, 724 ,"4,095.0 ", 150 ,386.0 ,1,318.2 ,124.34,35.6 ,,, 13 , 3 , 15 , 77 ," 2,326 "," 6,454 ", 328 , 16 ,,
148,충청남도,공주시,기초자치단체,공주문예회관,충청남도 공주시 고마나루길 5,041-840-2204,공주시청,지자체직영,http://acc.gongju.go.kr,1990.11.19.,"3,825.0 ",,,, 629 ,"1,255.0 ", 106 ,144.0 ,,,,,,, 6 ,, 148 ,," 3,969 "," 53,960 ", 441 , 80 ,,
149,충청남도,금산군,기초자치단체,금산다락원  ,충청남도 금산군 금산읍 금산로 1559,041-750-4424,금산군,지자체직영,www.geumsan.go.kr/daragwon,2004.10.29,"3,657.59", 727 ,"2,230.0 ",대공연장, 727 ,"1,134.0 ", 230 ,293.0 ,2,543.0 ,,200.0 ,,, 12 , 4 , 35 , 75 ," 10,491 "," 70,305 ", 510 , 45 ,,
150,충청남도,논산시,기초자치단체,논산문화예술회관,충청남도 논산시 시민로 270,041-746-5950,논산시,지자체 직영,arthall.nonsan.go.kr ,1985.11.19.,"2,615.0 ",,,논산문화예술회관, 577 ,731.5 , 180 ,273.0 ,2,476.0 ,,,,, 5 , 3 , 148 , 61 ," 3,440 "," 43,437 ", 367 , 32 ,,
151,충청남도,당진시,기초자치단체,당진문예의전당,충청남도 당진시 무수동2길 25-21,041-350-2900~5,(재)당진문화재단,공공기관,www.dangjinart.go.kr,2005.05.31.,"7,600.1 "," 1,001 ","2,472.2 ",당진문예의전당, 300 ,"1,271.8 ",,,3,863.6 ,,," 1,000 ",961.0 , 20 , 10 , 172 , 141 ," 28,642 "," 95,872 "," 1,267 ", 162 ,,
152,충청남도,보령시,기초자치단체,보령문화예술회관,충청남도 보령시 성주산로 101,041-930-3710,보령시,지자체 직영,http://art.brcn.go.kr,2002-05-09,"6,026.0 ",,,보령문화예술회관,798 ,768.0 ,167 ,186.0 ,1,360.0 ,112,,,, 9 , 2 , 67 , 31 ," 14,186 "," 63,791 "," 1,437 ", 88 ,,
153,충청남도,부여군,기초자치단체,부여국악의전당,충청남도 부여군 규암면 백제문로 388,041- 830-2926,부여군,지자체 직영,www.buyeo.go.kr/,2005-02-16,"2,282.65 ",,,부여국악의전당,,0.0 , 198 ,383.2 ,0,0.0 ,0,0.0 ,,0.0 , 4 , - , 50 , - ," 2,515 "," 5,500 ", 52 , 7 ,,
154,충청남도,서산시,기초자치단체,서산시문화회관,충청남도 서산시 문화로 54(읍내동),041-661-8023,서산시,지자체직영,http://seosan.go.kr/culture/index.do,1990.01.06,"3,626.0 ",,,서산시문화회관, 601 ,979.0 , 108 ,162.0 ,2,198.0 ,,,,, 11 , 3 , 134 , 164 ," 23,004 "," 84,426 "," 1,090 ", 221 ,,
155,충청남도,서천군,기초자치단체,서천문예의전당,충청남도 서천군 서천읍 서천로 14번길 20,041-950-4227,서천군청,공공기관,www.seocheon.go.kr,1989.01.01,"2,777.0 ", 636 ,648.0 ,서천 문예의전당,,, 200 ,216.0 ,,,150,99.0 ,,, 4 , 2 , 50 , 15 , - ," 49,000 ", 120 , 1 ,,
156,충청남도,아산시,기초자치단체,평생학습관극장,충청남도 아산시남부로92,041-537-3903,아산시,지자체직영,asanlife.or.kr,1992-05-08,"6,949.0 ",,,평생학습관극장, 509 ,858.0 ,,,1,459.0 ,,, 999 ,299.0 , 21 , 3 , 72 , 35 ," 12,600 "," 61,610 ", 127 , 19 ,,
157,충청남도,예산군,기초자치단체,예산군 문예회관,충청남도 예산군 예산읍 아리랑로 185-14,041-339-8212,예산군공공시설사업소,지자체 직영,www.yesan.go.kr/,1993-10-16," 2,685.0 ",,, 예산군 문예회관 , 505 , 825.0 ,,, 1 , 220.0 ,,,,, 6 , 2 , 159 , 57 ," 11,751 "," 75,313 ", 759 , 43 ,,
158,충청남도,예산군,광역자치단체,충청남도문화예술회관,충청남도 예산군 삽교읍 도청대로 600,041-635-2413,충청남도,지자체 직영,http://art.chungnam.net/,2012-12-18,9672.64,,,충청남도문화예술회관, 836.0 ," 1,036.0 ",,,,,, 298.0 ,,, 4 , 3 , 45 ,," 12,031 "," 31,250 ", 379 , 75 ,,
159,충청남도,천안시,기초자치단체,천안예술의전당,충청남도 천안시 동남구 성남면 종합휴양지로 185,1566-0155,(재)천안문화재단,민간기관 위탁,http://www.cnac.or.kr,2012-09-03,"33,755.0 ","1,642 ","7,284.0 ",천안예술의전당,443 ,"1,366.0 ",,,2,894.0 ,1;045,,200 ,, 16 , 12 , 125 , 235 ," 100,081 "," 141,625 "," 2,265 ", 740 ,,
160,충청남도,천안시,기초자치단체,천안시시민문화여성회관 신부문화회관,충청남도 천안시 동남구 신부2길 12,041-521-3832,천안시,지자체직영,http://www.cheonan.go.kr/women.do,1987-12-03,"4,867.0 ",,,신부문화회관 , 998 ,922.0 , 200 ,307.0 ,3,565.0 ,150,,,, 5 , 2 , 39 , 225 , - ," 68,810 ", 220 , 42 ,,
161,충청남도,천안시,기초자치단체,천안시시민문화여성회관 성환문화회관,충남 천안시 서북구 성환읍 성진로 15,041-521-3745,천안시,지자체직영,http://www.cheonan.go.kr/women.do,1995.10.21,"4,837",,,성환문화회관," 1,109 ",450.0 , 267 ,51.0 ,,,,,,, 5 ,, 45 ,," 39,350 "," 54,350 ", 562 , 44 ,,
162,충청남도,청양군,기초자치단체,청양문화예술회관,충청남도 청양군 청양읍 문화예술로 187,041-940-2730,청양군청 공공시설사업소,지자체 직영,http://art.cheongyang.go.kr/,2006-10-25,"5,615.0 ",,,청양문화예술회관, 727 ,"1,321.0 ", 190 ,260.4 ,1,267.0 ,130.5,, 250 ,144.1 , 7 , 4 , 96 , 54 ," 12,050 "," 54,339 ", 864 ," 55,152 ",,
163,충청남도,태안군,기초자치단체,태안군문화예술회관,충청남도 태안군 백화로 200,041-670-5935,태안군,지자체 직영,http://www.taean.go.kr/tour/sub04_03_01.do,2001-09-21,"4,392.0 ",,,태안군문화예술회관, 687 ,991.0 , 168 ,172.0 ,1,248.0 ,,, 500 ,"1,500.0 ", 7 , 3 , 36 , 52 , - ," 86,487 ", 941 , 14 ,,
164,충청남도,홍성군,기초자치단체,홍주문화회관,충청남도 홍성군 홍성읍 내포로 164,041-630-9063,공공시설관리사업소,지자체 직영,www.art.hongseong.go.kr,1988-01-01,"3,066.0 ",,,홍주문화회관,615 ,"1,100.0 ",100 ,150.0 ,1,300.0 ,,,,, 8 , 3 , 115 , 140 ," 7,251 "," 63,936 ", 623 , 81 ,,
,,,,충남 총계,18,,,,,,,,,,,,,,,,,,,,,,,,,,,,,
165,전라북도,고창군,기초자치단체,고창문화의전당,전라북도 고창군 고창읍 모양성로 11,063-560-8041,고창군청,지자체 직영,http://culture.gccl.kr,2008-12-05,"4,049.0 ",,,고창문화의전당,633 ,"1,158.0 ",,,1,187.0 ,,151,,, 7 , 4 , 35 , 79 ," 8,019 "," 21,329 ", 579 , 19 ,,
166,전라북도,군산시,기초자치단체,군산예술의전당,전라북도 군산시 백토로 203(지곡동),063-454-5520,군산시청,지자체 직영,http://www.gunsan.go.kr/arts/index.gunsan,2013-05-01,"20,417.1 "," 1,200 ","2,400.0 ",군산예술의전당, 450 ,686.0 ,,,3,515.0 ,200,,,, 25 , 10 , 321 , 597 ," 52,619 "," 173,099 "," 3,362 ", 462 ,,
167,전라북도,김제시,기초자치단체,김제문화예술회관,전라북도 김제시 성산길 20,063-540-4171,김제시청,지자체 직영,http://art.gimje.go.kr,2009-04-23,"4,867.0 ",,,김제문화예술회관,499 ,"1,837.0 ",230 ,"1,584.0 ",1,454.0 ,,,,, 9 ,, 31 , 78 ," 6,714 "," 46,459 ", 770 , 13 ,,
168,전라북도,남원시,기초자치단체,춘향문화예술회관,전라북도 남원시 양림길 43(어현동),063-620-5720,남원시청,지자체 직영,,1995-05-06,"4,683.73 ",,,춘향문화예술회관, 731 ,"1,124.0 ", 112 ,158.0 ,1,265.0 ,,,,, 6 , 1 , 279 , 12 ,," 61,700 ", 312 , 35 ,,
169,전라북도,부안군,기초자치단체,부안예술회관,부안군 부안읍 예술회관길 11,063-580-4318,부안군,지자체 직영,www.buan.go.kr,2001-10-11,"6,145.0 ",,,, 499 ,674.0 ,,,1,216.0 ,,105.0 ,,, 11 , 2 , 35 , 34 ," 1,958 "," 136,071 ", 885 , 25 ,,
170,전라북도,순창군,기초자치단체,순창 향토회관,전북 순창군 순창읍 장류로 407-11,063-650-1645,순창군,지자체 직영,없음,1997-10-00,"1,414 ",,,순창 향토회관,,, 465 ,354 ,,,,,,, 1 ,, 12 ,,," 18,150 ", 9 , 3 ,,
171,전라북도,완주군,기초자치단체,완주문예회관,전라북도 완주군 용진면 지암로 61,063-290-2597,완주군청,지자체 직영,culture.wanju.go.kr,2012-05-04,"1,760.2 ",,,완주문예회관, 478 ,640.0 ,,,,,,,,, 2 ,, 22 ,,," 45,004 ", 240 , 3 ,,
172,전라북도,완주군,기초자치단체,향토예술문화회관,전라북도 완주군 삼례읍 삼봉로 215,063-290-7245,완주문화재단,민간기관 위탁,culture.wanju.go.kr,2001-11-06,"2,535.0 ",,,향토예술문화회관,,, 218 ,482.0 ,,,,,,, 3 ,, 14 ,,," 37,220 ", 200 , 3 ,,
173,전라북도,익산시,기초자치단체,솜리문화예술회관,전라북도 익산시 선화1로 106,063-859-5278,익산시청,지자체 직영,http://arts.iksan.go.kr,1996-11-29,"6,961.0 ",,,솜리문화예술회관, 584 ,"3,998.0 ", 250 ,"1,165.0 ",3,642.0 ,,27.0 , 350 ,336.0 , 11 , 6 , 224 , 101 , 175 ," 94,120 ", 434 , 111 ,,
174, 전라북도,익산시,기초자치단체,익산예술의전당,전라북도 익산시 동서로 490,063-859-3315,익산시청,지자체 직영,http://arts.iksan.go.kr,2015-04-22,"12,962.7 "," 1,202 ","9,594.0 ",익산예술의전당,,,,,1,"3,368.3 ",,282.7 , 200 ,53.0 , 17 , 10 , 103 , 270 ," 20,123 "," 77,382 "," 2,295 ", 731 ,,
175,전라북도,장수군,기초자치단체,장수한누리전당,전라북도 장수군 장수읍 한누리로 393,063-350-5542,장수군청,지자체 직영,http://www.jangsu.go.kr,2007-10-04,"8,300.0 ", - ,0.0 ,한누리전당, - ,0.0 , 278 ,482.0 ,1,180.0 ,0,250.0 ," 2,000 ","3,000.0 ", 21 , - , 38 , 12 , - ," 26,059 ", 342 , 6 ,,
176,전라북도,전주시,광역자치단체,한국소리문화의전당,전북 전주시 덕진구 소리로 31,063-270-7823,학교법인우석학원,민간기관 위탁,www.sori21.co.kr,2001-09-21,"36,575.0 "," 2,037 ","3,731.0 ",한국소리문화의전당, 666 ,"1,491.0 ", 206 ,342.0 ,4,"4,114.0 ",,793.0 ," 7,000 ","2,884.0 ", 40 , 17 , 663 ," 1,329 "," 123,757 "," 308,879 "," 5,533 ", 642 ,,
177,전라북도,전주시,광역자치단체,전라북도예술회관,전주시 완산구 팔달로 161 ,063-230-7400,(재)전라북도문화관광재단,공공기관 위탁,www.jbct.or.kr,1982-02-09,"4,641.0 ",,,전라북도예술회관, 357 ,"1,171.0 ",,,6,"2,058.0 ",,,,, 26 , 11 , 161 , 142 ," 6,684 "," 74,623 "," 1,350 ", 283 ,,
178,전라북도,전주시,기초자치단체,전주덕진예술회관,전라북도 전주시 덕진구 권삼득로407,063-281-6651,전주시청,지자체 직영,http://www.jeonju.go.kr/,1980-12-08,"4,449.0 ",,,전주덕진예술회관, 486 ,760.0 ,,,,,,,,, 9 , 5 , 184 ,,," 41,191 ", 160 , 67 ,,
179,전라북도,정읍시,기초자치단체,연지아트홀,정읍시 중앙로 73,063-539-7873,정읍시청,지자체 직영,www.jeongeup.go.kr/,2017-07-21,"2,017.6 ",,,연지아트홀,,, 203 ,238 ,1,102 ,0,0 ,,, 6 , - , 76 , 18 , 661 ," 9,987 ", 270 , 14 ,,
180,전라북도,정읍시,기초자치단체,정읍사예술회관,정읍시 시기4길 13,063-539-6422,정읍시청,지자체 직영,www.jeongeup.go.kr/,1992-09-15,"3,368.0 ",,,정읍사예술회관, 603 ,697.0 ,,,,,,," 2,000 ","1,679.0 ", 6 , 2 , 144 ,," 6,909 "," 46,071 ", 837 , 35 ,,
,,,,전북 총계,16,,,,,,,,,,,,,,,,,,,,,,,,,,,,,
181,전라남도,강진군,기초자치단체,강진아트홀,강진군 강진읍 영랑로1길 9,061-430-3972,㈜강진문화원,민간위탁,http//arthall.gangjin.go.kr,2011.05.17,"9,675 ",,, 강진아트홀 ,718 ,"1,606 ",174 ,246 ,2 ,236 ,,156 ,120 ,132 , 22 , 10 , 45 , 224 ," 4,629 "," 78,580 "," 1,465 ", 23 ,,
182,전라남도,고흥군,기초자치단체,고흥문화회관,고흥군 고흥읍 고흥로 1892-67,061-830-6720,고흥군,지자체 직영, http://goheung.go.kr ,1999.06.26,"5,634 ",,,김연수실,573 ,"1,155 ",180 ,274 ,1 ,,97 ,22 ,500 ,64 , 26 , 2 , 24 ,," 8,200 "," 14,800 "," 6,378 ", 57 ,,
183,전라남도,곡성군,기초자치단체,곡성레저문화센터,곡성군 곡성읍 곡성로855,061-360-8343,곡성군,지자체 직영,http://www.gokseong.go.kr,2010.03.10,"5,760 ",,,곡성레저문화센터,420 ,530 ,,,1 ,28 ,"1,144 ",95 ,,, 3 ,, 37 ,,," 24,910 ", 232 , 1 ,,
184,전라남도,광양시,기초자치단체,광양문화예술회관,광양시 광양읍 향교길 9-30,061-797-2529,광양시,지자체직영,http://www.gwangyang.go.kr/art/,1996.10.08,"4,185 ",,,광양문화예술회관,490 ,859 ,189 ,173 ,2 ,387 ,,"2,768 ","2,000 ","6,409 ", 6 , 1 , 116 , 166 ," 10,186 "," 62,802 ", 585 , 39 ,,
185,전라남도,구례군,기초자치단체,구례문화예술회관,구례군 구례읍 양정2길 11,061-780-2181,구례군,지자체 직영,www.gurye.go.kr,2015.04.19,"2,782 ",,,구례군 문화예술회관,,,153 ,681 ,1 ,29 ,547 ,534 ,210 ,165 , 2 ,, 63 , 5 , 210 ," 8,200 ", 76 , - ,,
186,전라남도,나주시,기초자치단체,나주문화예술회관,나주시 예향로 4137,061-339-4612,나주시,지자체 직영,http://najuart.naju.go.kr/,1998.04.25,"5,685 ",,,나주문화예술회관,547 ,632 ,,,1 ,354 ,,,,, 7 , 3 , 258 , 39 ," 33,874 "," 60,218 ", 130 , 15 ,,
187,전라남도,담양군 ,기초자치단체,담양문화회관 ,담양군 담양읍 지침6길 29,061-380-3464,담양군,지자체 직영,http://www.damyang.go.kr,2002.04.25.,"3,585 ",,,담양문화회관,670 ,"1,547 ",100 ,261 ,,,,,,, 3 ,, 29 ,,," 34,800 ", 225 , 13 ,,
188,전라남도,목포시,기초자치단체,목포시민문화체육센터,목포시 부주로 312,061-270-8376,목포시,지자체 직영,www.mokpo.go.kr,2004.05.03,"17,547 ","1,207 ","11,802 ",목포시민문화체육센터,400 ,"1,004 ",,,,,,243 ,450 ,832 , 9 , 7 , 187 ,," 62,566 "," 145,208 ", 801 , 110 ,,
189,전라남도,목포시,기초자치단체,목포문화예술회관,목포시 남농로 102,061-270-4031,목포시,지자체 직영,www.mokpo.go.kr,1997.09.29,"12,772 ",,,목포문화예술회관,698 ,"3,513 ",,,8 ,"1,590 ",99 ,,,25 , 20 , 4 , 110 , 452 ," 20,247 "," 149,768 "," 2,356 ", 31 ,,
190,전라남도,무안군,기초자치단체,승달문화예술회관,무안군 무안읍 창포로 8,061-450-4084,무안군,지자체 직영,www.muan.go.kr,2001.05.12,"4,297 ",,,승달문화예술회관,502 ,980 ,200 ,280 ,1 ,156 ,,,,, 8 , 3 , 12 ,," 2,015 "," 29,246 ", 728 , 11 ,,
191,전라남도,무안군,광역자치단체,남도소리울림터,전남 무안군 삼향읍 남악로 222,061-981-0280,(재)전남문화관광재단,재단위탁,www.namdosori.or.kr,2015.05.30.,"5,167 ",,,전라남도 남도소리울림터,558 ,,,,,,,,,, 8 , 3 , 92 ,," 3,953 "," 21,643 ", 800 , 10 ,,
192,전라남도,보성군,기초자치단체,보성군문화예술회관,보성군 보성읍 송재로 281-9,061-850-8660,보성군,지자체 직영,http://art.boseong.go.kr,2015.05.08,"2,098 ",,,보성군문화예술회관,497 ,"2,098 ",,,,,,,,, 6 ,, 60 ,," 8,100 "," 12,300 ", 445 , 20 ,,
193,전라남도,순천시,기초자치단체,순천문화예술회관,순천시 삼산로 16,061-749-8612,순천시,지자치 직영,http://art.suncheon.go.kr/,1993.04.03,"6,507 ",,,문화예술회관,914 ,"1,450 ",152 ,230 ,2 ,364 ,,,,,, 4 , 349 , 388 ," 18,210 "," 96,482 ", 765 , 219 ,,
194,전라남도,여수시,기초자치단체,진남문예회관,여수시 좌수영로 69,061-659-3770,여수시,지자체 직영,http//ok.yeosu.go.kr,1993.05.22,"2,508 ",,,진남문예회관,,,226 ,228 ,1 ,429 ,,,,, 13 , 6 , 136 , 147 ," 2,200 "," 24,527 ", 890 , 63 ,,
195,전라남도,여수시,기초자치단체,예울마루,여수시 예울마루로 100,1544-7669,(GS칼텍스문화재단),민간위탁,www.yeulmaru.org,2012.5.10,"606,313 ","1,021 ",-,GS칼텍스 예울마루,-,-,302 ,-,3 ,857 ,,,,, 30 , 30 , 110 , 260 ," 66,196 "," 92,004 "," 4,939 ", 117 ,,
196,전라남도,영광군,기초자치단체,영광예술의전당,영광군 영광읍 천년로13길 2-34,061-350-5691,영광군,지자체 직영,http://www.yeonggwang.go.kr/,2014.06.24,"6,541 ",,,영광예술의전당,579 ,"1,023 ",163 ,431 ,2 ,378 ,,,185 ,849 , 8 , 3 , 172 , 61 ," 4,283 "," 61,125 ", 822 , 23 ,,
197,전라남도,완도군,기초자치단체,완도문화예술의전당,완도읍 개포로159번길 55,061-550-5464,완도문화사랑㈜,민간위탁,blog.naver.com/wcahall,2010.08.05.,"7,289 ",,,완도문화예술의전당,498 ,"1,036 ",,,1 ,286 ,901 ,"1,592 ",,, 5 , 5 , 51 , 34 ," 1,919 "," 47,979 ", 375 , 19 ,,
198,전라남도,장성군,기초자치단체,장성문화예술회관,장성군 장성읍 문화로 10,061-390-8475,장성군,지자체 직영,http://culture.jangseong.go.kr/?r=culture,2011.09.04,"7,275 ",,,장성문화예술회관,684 ,"1,083 ",199 ,361 ,1 ,287 ,,,,, 11 , 3 , 10 , 23 ," 7,265 "," 51,121 ", 304 , 36 ,,
199,전라남도,장흥군,기초자치단체,장흥문화예술회관,장흥군 장흥읍 음성로 96,061-860-0357,장흥군,지자체 직영,http://art.jangheung.go.kr,2004.05.01,"5,008 ",,,장흥문화예술회관,496 ,"1,648 ",,,1 ,193 ,,216 ,,, 6 ,, 18 ,," 5,794 "," 23,084 ", 250 , 26 ,,
200,전라남도,진도군,기초자치단체,진도향토문화회관,진도군 진도읍 진도대로 7197,061-540-6258,진도군,지자체 직영,http://www.jindo.go.kr/home/sub.cs?m=119#a10,1997.03.26,"4,687 ",630 ,"2,032 ",향토문화회관,630 ,"2,032 ",.,.,2 ,958 ,,,,, 11 , 3 , 92 , 245 ,," 32,235 ", 405 , 11 ,,
201,전라남도,해남군,기초자치단체,해남문화예술회관,해남군 해남읍 군청길 4,061 530 5886,해남군,지자체 직영,http://art.haenam.go.kr,2002.04.20,"9,625 ",,,해남문화예술회관,700 ,"1,585 ",,,1 ,281 ,169 ,393 ,"2,000 ","1,553 ", 23 , 3 , 197 , 47 ," 8,587 "," 178,454 ", 597 , 69 ,,
,,,,전남 총계,21,,,,,,,,,,,,,,,,,,,,,,,,,,,,,
202,경상북도,경산시,기초자치단체,경산시민회관,경상북도 경산시 계양로 28,053-804-7243,경산시청,지자체 직영,https://gbgs.go.kr/special/civic/index.do,1996.04.26,"4,978.0 ",,,경산시민회관, 724 ,967.0 , 100 ,162.0 ,2,294.6 ,319,322.0 , 100 ,120.0 , 10 , 2 , 264 , 86 ," 18,570 "," 108,340 "," 1,595 ", 122 ,,
203,경상북도,경주시,기초자치단체,경주예술의전당,경상북도 경주시 알천북로 1(황성동;988),054-779-6793,(재)경주문화재단,민간기관 위탁,http://www.gjartcenter.kr,2010.11.06,"21,232.0 ","1,100 ","2,260.0 ",경주예술의전당,,,350 ,211.0 ,3,"2,092.0 ",,964 ,900 ,630 , 19 , 4 , 171 ," 1,102 "," 35,329 "," 224,643 ", 870 , 669 ,,
204,경상북도,고령군,기초자치단체,고령문화예술회관,경상북도 고령군 대가야읍 왕릉로 30,054-950-7014,고령군청,지자체 직영,http://art.goryeong.go.kr/,2015.09.16,"9,329.4 ",,,고령문화예술회관,605 ,"1,168.2 ",140 ,328.7 ,1,204.6 ,217 ,44 ,"1,000 ","12,000 ", 28 , 3 , 150 , - ," 3,583 "," 60,000 ", 726 , 69 ,,
205,경상북도,구미시,기초자치단체,구미문화예술회관,구미시 송정대로 89,054-480-4560,구미문화예술회관,직영,https://www.gumi.go.kr/arts/main.do,1989-10-16,"10,319.0 "," 1,211 ","7,772.0 ",,,, 283 ,"1,143.0 ",2,683.0 ,,120.0 , 700 ,920.0 , 21 ,, 165 , 241 ," 8,795 "," 87,055 "," 6,482 ", 186 ,,
206,경상북도,구미시,기초자치단체,강동문화복지회관,구미시 인동가산로 392,054-480-2990,강동문화복지회관,직영,https://www.gumi.go.kr/artsgd/main.do,2017-05-12,"10,393.0 ",,,, 667 ,"1,329.0 ", 250 ,474.5 ,1,236.8 ,261.79,"1,339.6 ",,, 9 ,, 90 , 85 ," 4,155 "," 39,521 "," 1,024 ", 81 ,,
207,경상북도,군위군,기초자치단체,군위삼국유사교육문화회관,경상북도군위군군위읍군청로158,054-380-7212,군위군청문화체육시설사업소,지자체직영,http://gunwiart.go.kr,2007.09.05,"7,317.0 ",,,, 457 ,"2,136.0 ",,,,,,,,, 13 , - , 19 , - ," 4,310 "," 24,491 "," 1,182 ", 36 ,,
208,경상북도,김천시,기초자치단체,김천문화예술회관,경상북도 김천시 운동장길3,054-420-7822,김천시청,지자체 직영,www.gcart.go.kr,2000.04.15,"12,165.0 ",,,김천문화예술회관, 920 ,964.0 , 192 ,278.0 ,1,671.0 ,,259.0 , 300 ,295.0 , 15 , 3 , 97 , 162 ," 13,133 "," 83,908 "," 3,307 ", 201 ,,
209,경상북도,김천시,기초자치단체,김천시립문화회관,경상북도 김천시 김천로 200,054-439-9487,김천시청,지자체 직영,www.gcart.go.kr,1965.11.25  (2015.11.20),"2,885.0 ",,,김천시립문화회관, 434 ,519.0 ,,,,,248.6,,,, 2 , - , 29 , - ," 3,016 "," 14,246 ", 200 , 19 ,,
210,경상북도,문경시,기초자치단체,문경문화예술회관,문경시 신흥로 85,054-550-8394,문경시,지자체 직영,http://mgcilture.gbmg.go.kr,1993.9.2.,"6,380.0 ",,,문경문화예술회관, 824 ,"3,828.0 ", 313 ,"2,136.0 ",1,271.0 ,,145.0 ,,, 19 , 3 , 159 , 89 ," 12,901 "," 414,292 "," 2,104 ", 51 ,,
211,경상북도,상주시,기초자치단체,상주문화회관,경북 상주시 상산로 235,054-537-6215,상주시,지자체 직영,www.sangju.go.kr,1990.11.7,"3,442.4 ",,,상주문화회관, 512 ,807.0 , 80 ,140.0 ,1,252.0 ,,,,, 6 , 3 , 281 , 95 ," 26,894 "," 80,853 ", 650 , 55 ,,
212,경상북도,성주군,기초자치단체,성주군문화예술회관,경상북도 성주군 성주읍 성산9길 45,054-933-6912,성주군청,지자체 직영,http://www.sj.go.kr/scac,2003-05-26,"6,673.0 ",,,성주문화예술회관, 822 ,"2,980.0 ",,,1,232.0 ,373,80.0 , 150 ,30.0 , 13 , 3 , 72 , 45 ," 9,425 "," 28,403 "," 2,636 ", 94 ,,
213,경상북도,안동시,기초자치단체,안동문화예술의전당,안동시 축제장길66 (안흥동373-4),054-840-3600,안동시,공공기관, http://art.andong.go.kr,2010.9.17,"18,329.0 ",,, 안동문화예술의전당 , 994 ,"7,605.0 ", 276 ,"1,165.0 ",4,"2,504.0 ",123,736.0 ,,, 12 , 6 , 123 , 497 ," 20,599 "," 33,340 "," 3,460 ", 357 ,,
214,경상북도,영덕군,기초자치단체,예주문화예술회관,경상북도 영덕군 영해면 318만세길 36,054-730-7771,영덕군청,지자체 직영,http://art.yd.go.kr,2004.06.09,"4,194.7 ",,,예주문화예술회관,531 ,"1,015.0 ",,,,,381 ,,,, 9 , 3 , 90 , - ," 11,802 "," 24,596 "," 1,334 ", 10 ,,
215,경상북도,영양군,기초자치단체,영양문화체육센터,경북 영양군 영양읍 군민회관길 50,054-680-6452,영양군청,지자체 직영,http://www.yyg.go.kr/welfare/social_welfare/culture_welfare,1997.05.29.,"1,698.0 ",,,영양문화체육센터, 356 ,576.0 ,,,,,,72.0 ,,, 1 ,, 20 ,,," 4,000 ", 153 , 2 ,,
216,경상북도,영주시,기초자치단체,영주문화예술회관,경상북도 영주시 가흥로 257(가흥동),054-639-5951,영주시청,지자체 직영,http://art.yeongju.go.kr,2012.05.04,"3,655.6 ",,,영주문화예술회관,498 ,"2,351.5 ",,,3,446.0 ,,,,, 6 ,, 56 , 8 ,," 25,559 ", 876 , 17 ,,
217,경상북도,영주시,기초자치단체,영주시민회관,경상북도 영주시 선비로 213(영주동),054-634-3124,(사)한국예총영주지회,민간기관 위탁,http://www.영주시민회관.kr/,1984.04.02,"2,432.5 ",,,영주시민회관,490 ,"1,379.8 ",,,1,161.3 ,,161 ,,, 5 , - , 137 , 110 , 253 ," 37,839 ", 178 , 24 ,,
218,경상북도,영천시,기초자치단체,영천시민회관,경상북도 영천시 시청로 17,054-330-6454,영천시청,지자체 직영,http://ycac.yc.go.kr,2003. 07. 24.,"2,645.3 ",,,영천시민회관, 791 ,859.0 ,,,,,,,,, 7 , 2 , 96 , 23 ," 40,960 "," 73,375 ", 403 , 121 ,,
219,경상북도,예천군,기초자치단체,예천군문화회관,"경북 예천군 예천읍 충효로 
209-15",054-650-8252,예천군,지자체직영,http://www.ycg.kr,1995. 06.05,4;411㎡,,,예천군문화회관,604,1;087㎡,,,1,244㎡,,122㎡,,, 4 , - , 25 , 13 , 885 ," 37,901 ", 351 , 8 ,,
220,경상북도,울릉군,기초자치단체,울릉한마음회관,경상북도 울릉군 울릉읍 울릉순환로286,054-790-6562,울릉군청,지자체 직영,hanmaeum.ulleung.go.kr,2008.05.28.,"5,287.2 ",,,울릉한마음회관, 425 ,832.0 ,,,,,159 ,61 ,,, 9 , - , 101 ,,," 30,300 ", 112 , 1 ,,
221,경상북도,울진군,기초자치단체,울진문화예술회관,경상북도 울진군 후포삼율로 194-14,054-789-5453~5,울진군청,지자체직영,www.uljin.go.kr,2007.12.26,"2,950.1 ",,,울진문화예술회관, 492 ,571.0 ,,,1,138.8 ,,,,, 2 ,, 44 , - ," 14,149 "," 19,589 ", 502 , 17 ,,
222,경상북도,의성군,기초자치단체,의성문화회관,경북 의성군 의성읍 충효로88,054)830-6945,시설관리사업소,직영,,2000-04-20,,,,의성문화회관, 998 ,"3,401.0 ",,,,,,,,, 12 , 2 , 9 , - ," 3,668 "," 45,433 "," 1,348 ", 9 ,,
223,경상북도,청송군,기초자치단체,청송문화예술회관,경상북도 청송군 청송읍 금월로 244-30,054-870-6564,청송군청,지자체 직영,www.cs.go.kr,2013.07.13,"3,117.6 ",,,청송문화예술회관,435 ,743.0 ,120 ,253.0 ,,,,,,, 1 ,, 18 ,,," 30,900 ", 502 , 2 ,,
224,경상북도,칠곡군,기초자치단체,칠곡군 교육문화회관,경상북도 칠곡군 왜관읍 관문로1길 32,054-979-5105,칠곡군청,지자체 직영,public.chilgok.go.kr,2000.05.04.,"6,847.4 ",,,칠곡군교육문화회관,710 ,"1,462.0 ",200 ,480.0 ,1,160.0 ,579 ,108 ,"1,300 ","1,200 ", 23 ,, 97 , 5 ," 29,373 "," 37,210 "," 4,566 ", 43 ,,
225,경상북도,포항시,기초자치단체,문화예술회관,경상북도 포항시 남구 희망대로 850 , 054-280-9351, 포항시시설관리공단 ,공공기관 위탁, http://phart.ipohang.org , 1995.05.26 ,"12,943.0 ",,, 문화예술회관 ,972 ,"1,817.0 ",264 ,393.0 ,2,785.0 ,,180 ,300 ,400 , 14 , 2 , 275 , 482 ," 6,720 "," 268,470 ", 718 , 294 ,,
226,경상북도,포항시,기초자치단체,중앙아트홀,경상북도 포항시 북구 서동로 83 , 054-280-9380 , 포항시시설관리공단 ,공공기관 위탁, http://www.phsisul.org , 2010.09.27 ,"2,705.0 ",,, 중앙아트홀 ,,,270 ,470.0 ,1,280.0 ,,,,, 6 , - , 10 , 174 , 900 ," 2,330 ", 217 , 16 ,,
227,경상북도,포항시,기초자치단체,대잠홀,경상북도 포항시 남구 시청로 1 , 054-280-9384, 포항시시설관리공단 ,공공기관 위탁, http://www.phsisul.org , 2007.02.07 ,"8,753.0 ",,, 대잠홀 ,590 ,863.0 ,,,,,,,,, 3 , 3 , 158 ,,," 119,350 ", 57 , 62 ,,
,,,,경북 총계 ,26,,,,,,,,,,,,,,,,,,,,,,,,,,,,,
228,경상남도,거제시,기초자치단체,거제문화예술회관,경남 거제시 장승로 145,055-680-1000,(재)거제시문화예술재단,공공기관 위탁,http://www.geojeart.or.kr,2003.10.21.,"20,243.0 ","1,205 ","3,181.2 ",거제문화예술회관,430 ,"1,434.7 ",,,1,264.0 ,132 ,70 ,400 ,"1,250 ", 18 , 6 , 163 , 263 ," 18,126 "," 34,304 "," 4,569 ", 645 ,,
229,경상남도,거창군,기초자치단체,거창문화센터,경남 거창군 거창읍 수남로 2181,055-940-8460,(재)거창문화재단,민간기관 위탁,http://www.gccf.or.kr/,2001.6.20.,"4,153.0 ",,,거창문화센터, 710 ,789.5 ,,,2,161.0 ,,, 202 ,231.0 , 11 , 4 , 42 , 65 ," 2,713 ",," 3,067 ", 145 ,,
230,경상남도,진주시,광역자치단체,경상남도문화예술회관,경남 진주시 강남로 215,055-254-4445,경상남도,지자체직영,www.gncac.com,1988.08.29,"14,633.0 "," 1,564 ","2,464.0 ",경상남도문화예술회관, 없음 ,, 없음 ,,2,"1,459.0 ",없음,918.0 , 540 ,295.0 , 29 , 4 , 97 , 388 ," 32,678 "," 83,877 "," 2,932 ", 571 ,,
231,경상남도,고성군,기초자치단체,고성군문화체육센터,경남 고성군 고성읍 송학고분로193,055-670-5844,고성군청,지자체 직영,,2003.06.23, 448.0 ,,, 고성군문화체육센터공연장 , 374 , 448.0 ,,,,,,,,,,, 81 , - ,," 23,659 ", - , 7 ,,
232,경상남도,김해시,기초자치단체,김해문화의전당,경남 김해시 김해대로 2060,055-320-1234,(재)김해문화재단,공공기관 위탁,www.gasc.or.kr,2005.11.25,"43,634.0 "," 1,464 ","4,968.78 ",김해문화의전당, 540 ,"1,391.9 ",,,3,"1,381.96 ",984.34,, 500 ,"1,381.2 ", 40 , 17 , 208 , 572 ," 56,400 "," 101,074 "," 6,675 "," 1,694 ",,
233,경상남도,남해군,기초자치단체,남해문화체육센터,경상남도 남해군 남해읍 선소로 12,055-860-3716,남해군,지자체직영,http://www.namhae.go.kr/life/Index.do?c=LF0201020000,2000.01.02,"3,033.6 ",,,남해문화체육센터,,, 212 ,338.0 ,,,,,,, 1 ,, 8 ,,," 78,354 ", 102 , 4 ,,
234,경상남도,밀양시,기초자치단체,밀양아리랑아트센터,경상남도 밀양시 대공원로 112 (교동),055-359-4500,(재)밀양문화재단,공공기관 위탁,www.mycf.or.kr,2016.9.1.,"9,811.0 ", 해당없음 ,,밀양아리랑아트센터, 810 ,"1,900.0 ", 256 ,393.0 ,1,404.6 ,204.48,50.9 , 150 ,204.5 , 18 , 15 , 99 , 269 ," 15,909 "," 68,893 "," 4,287 ", 331 ,,
235,경상남도,사천시,기초자치단체,사천시문화예술회관,경상남도 사천시 삼천포대교로 471(동림동),055-831-2460,사천시청,지자체 직영,http://art.sacheon.go.kr,2002.02.27,"5,133.0 ",,,사천시문화예술회관,834 ,"1,286.0 ",192 ,231.0 ,1,304.0 ,,,,, 9 , 3 , 196 , 57 ," 21,876 "," 66,252 "," 1,104 ", 120 ,,
236,경상남도,산청군,기초자치단체,산청군문화예술회관,산청군 금서면 친환경로2631번길 12,055-970-6481,산청군,지자체직영,,2006.06.21,"4,049.1 ", - ,0.0 ,산청문화예술회관, 497 ,634.7 , 156 ,154.0 ,0,0.0 ,165,0.0 , - ,0.0 , 3 , - , 16 , - , - ," 21,142 ", 194 , 3 ,,
237,경상남도,양산시,기초자치단체,양산문화예술회관,양산시 중앙로 39-1(남부동),055-379-8550,양산시시설관리공단,공공기관 위탁,www.yssisul.or.kr,2002.12.21.,"6,847.0 ",,,양산문화예술회관, 834 ,"2,062.0 ", 169 ,358.0 ,1,389.0 ,,, 217 ,490.0 , 8 , 3 , 36 , 70 ," 20,850 "," 171,890 ", 808 , 416 ,,
238,경상남도,의령군,기초자치단체,의령군민문화회관,경남 의령군 의령읍 의병로24길 31-1,055-570-4920,의령군청,지자체직영,http://culture.uiryeong.go.kr,1993. 4.21,3.4 ,,,, 354 ,"1,018.0 ",,,,,,142.0 ,,, 3 , 1 , 71 ,," 2,101 "," 48,035 ", 553 , 46 ,,
239,경상남도,창녕군,기초자치단체,창녕문화예술회관,경남 창녕군 창녕읍 우포2로 1189-25,055-530-1911,창녕문화예술회관,지차제직영,http://art.cng.go.kr,2012.11.1,"4,760.5 ", 496 ,830.5 ,,,, 196 ,250.2 ,1,231.6 ,123,, 600 ,990.0 , 5 , 1 , 122 , 177 ," 11,564 "," 47,945 "," 1,076 ", 101 ,,
240,경상남도,창원시,기초자치단체,성산아트홀,경상남도 창원시 의창구 중앙대로 181(용호동),055-268-7900,(재)창원문화재단,민간기관 위탁,www.cwcf.or.kr,2000.04.25.,"40,890.0 ","1,690 ","14,521.0 ",성산아트홀,510 ,"4,464.0 ",,,7,"2,131.0 ",525 ,,300 ,"1,130 ", 53 , 8 , 250 , 615 ," 85,232 "," 246,070 "," 6,126 ", 444 ,,
241,경상남도,창원시,기초자치단체,3?15 아트센터,경상남도 창원시 마산회원구 삼호로 135(양덕동),055-286-0315,(재)창원문화재단,민간기관 위탁,www.cwcf.or.kr,2008.05.20.,"20,040.0 ","1,182 ","2,313.0 ",3?15 아트센터,455 ,759.0 ,,,4,"1,299.0 ",718 ,287 ,,, 18 , 7 , 199 , 336 ," 37,666 "," 122,972 "," 1,610 ", 268 ,,
242,경상남도,창원시,기초자치단체,진해구민회관,경상남도 창원시 진해구 진해대로 325(태백동),055-719-7870,(재)창원문화재단,민간기관 위탁,www.cwcf.or.kr,1993.04.01.,"7,025.0 ",,,진해구민회관,390 ,"1,479.0 ",150 ,355.0 ,2,700.0 ,,,"1,040 ","1,005 ", 8 , 2 , 105 , 126 ," 12,123 "," 86,894 ", 352 , 33 ,,
243,경상남도,통영시,기초자치단체,통영시민문화회관,경남 통영시 남망공원길 29,055-650-4560,통영시청,지자체 직영,http://citizen.tongyeong.go.kr,1997.10.01,"6,646.9 ",,,통영시민문화회관, 880 ,"4,453.4 ", 290 ,"1,169.9 ",2,563.6 ,,,,, 6 , 3 , 111 , 183 ," 84,200 "," 114,030 ", 894 , 83 ,,
244,경상남도,통영시,기초자치단체,통영국제음악당,경상남도 통영시 큰발개 1길 38(도남동),055-650-0400,(재)통영국제음악재단,공공기관 위탁,www.timf.org,2014.03.28.,"14,618.0 "," 1,309 ",211.7 ,통영국제음악당,,, 254 ,151.0 ,,,140,122.0 ,,, 21 , 13 , 94 ,," 16,243 "," 41,092 ", 808 , 428 ,,
245,경상남도,하동군,기초자치단체,하동문화예술회관,경상남도 하동군 하동읍 섬진강대로 2222,055-880-2383,하동군청,지자체 직영,http://fac.hadong.go.kr/main,2001.04.14.,"6,670.7 ",,,하동문화예술회관, 646 ,969.0 , 200 ,374.0 ,1,244.4 ,285,,,, 1 ,, 42 , 88 ," 3,627 "," 5,013 ", 250 , 265 ,,
246,경상남도,함안군,기초자치단체,함안문화예술회관,경남 함안군 가야읍 함안대로 619-1,055-580-3605,함안군청,지자체 직영,http://art.haman.go.kr,2005.03.31.,"4,641.0 ",,,함안문화예술회관, 486 ,984.0 ,,,1,207.0 ,,286.0 , 500 ,"1,070.0 ", 7 , 2 , 40 , 68 ," 14,148 "," 68,320 "," 1,850 ", 280 ,,
247,경상남도,함양군,기초자치단체,함양문화예술회관,경상남도 함양군 함양읍 필봉산길 55,055-960-5531,함양군청,지자체 직영,art.hygn.go.kr , 2011.11.25. ," 5,580 ",,, 함양군문화예술회관 , 486 , 897 , 205 , 212 , 1 , 248 ,,,,, 7 ,, 81 , 144 ," 6,786 "," 64,397 "," 1,030 ", 38 ,,
248,경상남도,합천군,기초자치단체,합천군문화예술회관,경남 합천군 합천읍 황강체육공원로 67,055-930-4932,합천군,지자체 직영,http://gg.hc.go.kr,1995.10.27.,"5,170.0 ",,,합천군문화예술회관, 340 ,"1,971.2 ",,,1,476.0 ,,132.0 ,,, 6 ,, 30 , 16 ,," 28,524 ", 227 , 12 ,,
,,,,경남 총계,21,,,,,,,,,,,,,,,,,,,,,,,,,,,,,
249,제주특별자치도,제주시,광역자치단체,제주특별자치도문예회관,제주특별자치도 제주시 동광로 69(일도2동),064-710-7605,제주특별자치도청,지자체 직영,http://www.jejuculture.or.kr/,1988.08.25.,"7,670.2 ", 828 ,"5,072.0 ",제주특별자치도문예회관, 828 ,"5,072.0 ", 170 ,544.0 ,3,"1,050.0 ",,,,, 19 , 4 , 187 , 332 ," 2,602 "," 93,655 "," 3,764 ", 168 ,,
250,제주특별자치도,제주시,기초자치단체,제주아트센터,제주특별자치도 제주시 오남로 231(오라2동),064-728-8953,제주시청,지자체 직영,http://arts.jejusi.go.kr/,2010.05.19.,"9,482.8 "," 1,184 ","8,606.8 ",제주아트센터,,,,,,,,,,, 23 , 4 , 170 ,," 6,940 "," 80,580 "," 1,322 ", 170 ,,
251,제주특별자치도,서귀포시,기초자치단체,서귀포예술의전당,제주특별자치도 서귀포시 태평로 270(서홍동),064-760-3341,서귀포시청,지자체 직영,http://culture.seogwipo.go.kr/artcenter/,2014.06.19.,"8,481.0 ",,,서귀포예술의전당, 802 ,"1,603.0 ", 190 ,372.0 ,1,441.0 ,100,83.0 , 124 ,551.0 , 23 , 4 , 278 , 50 ," 11,475 "," 49,362 "," 1,508 ", 146 ,,
,,,,제주 총계,3,,,,,,,,,,,,,,,,,,,,,,,,,,,,,
,,,,문예회관 총계,251,,,,,,,,,,,,,,,,,,,,,,,,,,,,,
