CATElv1,CATElv2,CATElv3,CATEID,중복,NAMECHK,TYPE,cate_icon_v3_ID,cate_icon_v3,cate_icon_v3_t,cate_icon_v4_ID,cate_icon_v4,cate_icon_v4_t,cate_icon_v5_ID,cate_icon_v5,cate_icon_v5_t
음식점/카페/주점,0,0,1,0,0,1,1,패밀리레스토랑,패밀리레스토랑_t,1,poi_restaurant_icon,poi_restaurant_icon_t,1,poi_restaurant_icon,poi_restaurant_icon_t
음식점/카페/주점,패밀리레스토랑,0,101,0,0,2,1,패밀리레스토랑,패밀리레스토랑_t,1,poi_restaurant_icon,poi_restaurant_icon_t,1,poi_restaurant_icon,poi_restaurant_icon_t
음식점/카페/주점,패밀리레스토랑,아웃백스테이크하우스,10101,0,1,0,0,0,0,0,0,0,0,0,0
음식점/카페/주점,패밀리레스토랑,T.G.I.프라이데이스,10102,0,1,0,0,0,0,0,0,0,0,0,0
음식점/카페/주점,패밀리레스토랑,빕스,10103,0,1,0,0,0,0,0,0,0,0,0,0
음식점/카페/주점,패밀리레스토랑,보노보노,10104,0,1,0,0,0,0,0,0,0,0,0,0
음식점/카페/주점,패밀리레스토랑,무스쿠스,10105,0,1,0,0,0,0,0,0,0,0,0,0
음식점/카페/주점,패밀리레스토랑,세븐스프링스,10106,0,1,0,0,0,0,0,0,0,0,0,0
음식점/카페/주점,패밀리레스토랑,한스델리,10107,0,1,0,0,0,0,0,0,0,0,0,0
음식점/카페/주점,패밀리레스토랑,기타,10108,0,0,0,0,0,0,0,0,0,0,0,0
음식점/카페/주점,패스트푸드,0,102,0,0,2,15,패스트푸드,패스트푸드_t,15,poi_fastfood_icon,poi_fastfood_icon_t,15,poi_fastfood_icon,poi_fastfood_icon_t
음식점/카페/주점,패스트푸드,맥도날드,10201,0,1,0,0,0,0,0,0,0,0,0,0
음식점/카페/주점,패스트푸드,롯데리아,10202,0,1,0,0,0,0,0,0,0,0,0,0
음식점/카페/주점,패스트푸드,KFC,10203,0,1,0,0,0,0,0,0,0,0,0,0
음식점/카페/주점,패스트푸드,파파이스,10204,0,1,0,0,0,0,0,0,0,0,0,0
음식점/카페/주점,패스트푸드,버거킹,10205,0,1,0,0,0,0,0,0,0,0,0,0
음식점/카페/주점,패스트푸드,배스킨라빈스31,10206,0,1,0,0,0,0,0,0,0,0,0,0
음식점/카페/주점,패스트푸드,던킨도너츠,10207,0,1,0,0,0,0,0,0,0,0,0,0
음식점/카페/주점,패스트푸드,피자헛,10208,0,1,0,0,0,0,0,0,0,0,0,0
음식점/카페/주점,패스트푸드,미스터피자,10209,0,1,0,0,0,0,0,0,0,0,0,0
음식점/카페/주점,패스트푸드,도미노피자,10210,0,1,0,0,0,0,0,0,0,0,0,0
음식점/카페/주점,패스트푸드,파파존스피자,10211,0,1,0,0,0,0,0,0,0,0,0,0
음식점/카페/주점,패스트푸드,더후라이팬,10212,0,1,0,0,0,0,0,0,0,0,0,0
음식점/카페/주점,패스트푸드,맘스터치,10213,0,1,0,0,0,0,0,0,0,0,0,0
음식점/카페/주점,패스트푸드,한솥도시락,10214,0,1,0,0,0,0,0,0,0,0,0,0
음식점/카페/주점,패스트푸드,나뚜루,10215,0,1,0,0,0,0,0,0,0,0,0,0
음식점/카페/주점,패스트푸드,굽네치킨,10216,0,1,0,0,0,0,0,0,0,0,0,0
음식점/카페/주점,패스트푸드,교촌치킨,10217,0,1,0,0,0,0,0,0,0,0,0,0
음식점/카페/주점,패스트푸드,치킨,10218,0,0,0,0,0,0,0,0,0,0,0,0
음식점/카페/주점,패스트푸드,피자,10219,0,0,0,0,0,0,0,0,0,0,0,0
음식점/카페/주점,패스트푸드,햄버거/도너츠/샌드위치,10220,0,0,0,0,0,0,0,0,0,0,0,0
음식점/카페/주점,패스트푸드,아이스크림,10221,0,0,0,0,0,0,0,0,0,0,0,0
음식점/카페/주점,패스트푸드,도시락,10222,0,0,0,0,0,0,0,0,0,0,0,0
음식점/카페/주점,패스트푸드,기타,10223,0,0,0,0,0,0,0,0,0,0,0,0
음식점/카페/주점,한식,0,103,0,0,0,0,0,0,0,0,0,0,0,0
음식점/카페/주점,한식,일반한식,10301,0,0,0,0,0,0,0,0,0,0,0,0
음식점/카페/주점,한식,한정식,10302,0,0,0,0,0,0,0,0,0,0,0,0
음식점/카페/주점,한식,삼겹살,10303,0,0,0,0,0,0,0,0,0,0,0,0
음식점/카페/주점,한식,갈비/불고기,10304,0,0,0,0,0,0,0,0,0,0,0,0
음식점/카페/주점,한식,생고기/등심,10305,0,0,0,0,0,0,0,0,0,0,0,0
음식점/카페/주점,한식,닭/오리구이,10306,0,0,0,0,0,0,0,0,0,0,0,0
음식점/카페/주점,한식,곱창/양구이,10307,0,0,0,0,0,0,0,0,0,0,0,0
음식점/카페/주점,한식,족발/보쌈,10308,0,0,0,0,0,0,0,0,0,0,0,0
음식점/카페/주점,한식,냉면,10309,0,0,0,0,0,0,0,0,0,0,0,0
음식점/카페/주점,한식,국수전문,10310,0,0,0,0,0,0,0,0,0,0,0,0
음식점/카페/주점,한식,찌개/탕전문,10311,0,0,0,0,0,0,0,0,0,0,0,0
음식점/카페/주점,한식,해물요리,10312,0,0,0,0,0,0,0,0,0,0,0,0
음식점/카페/주점,한식,죽전문,10313,0,0,0,0,0,0,0,0,0,0,0,0
음식점/카페/주점,한식,샤브샤브,10314,0,0,0,0,0,0,0,0,0,0,0,0
음식점/카페/주점,한식,철판요리,10315,0,0,0,0,0,0,0,0,0,0,0,0
음식점/카페/주점,한식,분식,10316,0,0,0,0,0,0,0,0,0,0,0,0
음식점/카페/주점,한식,놀부보쌈,10317,0,1,0,0,0,0,0,0,0,0,0,0
음식점/카페/주점,한식,원할머니보쌈,10318,0,1,0,0,0,0,0,0,0,0,0,0
음식점/카페/주점,한식,떡집,10319,0,0,0,0,0,0,0,0,0,0,0,0
음식점/카페/주점,한식,놀부부대찌개,10320,0,1,0,0,0,0,0,0,0,0,0,0
음식점/카페/주점,한식,닭익는마을,10321,0,1,0,0,0,0,0,0,0,0,0,0
음식점/카페/주점,한식,벌집삼겹살,10322,0,1,0,0,0,0,0,0,0,0,0,0
음식점/카페/주점,한식,본죽,10323,0,1,0,0,0,0,0,0,0,0,0,0
음식점/카페/주점,한식,신선설농탕,10324,0,1,0,0,0,0,0,0,0,0,0,0
음식점/카페/주점,한식,감탄떡볶이,10325,0,1,0,0,0,0,0,0,0,0,0,0
음식점/카페/주점,한식,기타,10326,0,0,0,0,0,0,0,0,0,0,0,0
음식점/카페/주점,양식,0,104,0,0,0,0,0,0,0,0,0,0,0,0
음식점/카페/주점,양식,경양식,10401,0,0,0,0,0,0,0,0,0,0,0,0
음식점/카페/주점,양식,이탈리아음식,10402,0,0,0,0,0,0,0,0,0,0,0,0
음식점/카페/주점,양식,프랑스음식,10403,0,0,0,0,0,0,0,0,0,0,0,0
음식점/카페/주점,양식,스테이크전문,10404,0,0,0,0,0,0,0,0,0,0,0,0
음식점/카페/주점,양식,파스타전문,10405,0,0,0,0,0,0,0,0,0,0,0,0
음식점/카페/주점,양식,해물요리,10406,0,0,0,0,0,0,0,0,0,0,0,0
음식점/카페/주점,양식,기타,10407,0,0,0,0,0,0,0,0,0,0,0,0
음식점/카페/주점,일식,0,105,0,0,0,0,0,0,0,0,0,0,0,0
음식점/카페/주점,일식,생선회,10501,0,0,0,0,0,0,0,0,0,0,0,0
음식점/카페/주점,일식,초밥/롤전문,10502,0,0,0,0,0,0,0,0,0,0,0,0
음식점/카페/주점,일식,우동,10503,0,0,0,0,0,0,0,0,0,0,0,0
음식점/카페/주점,일식,돈까스전문,10504,0,0,0,0,0,0,0,0,0,0,0,0
음식점/카페/주점,일식,해물요리,10505,0,0,0,0,0,0,0,0,0,0,0,0
음식점/카페/주점,일식,기타,10506,0,0,0,0,0,0,0,0,0,0,0,0
음식점/카페/주점,중식,0,106,0,0,0,0,0,0,0,0,0,0,0,0
음식점/카페/주점,중식,일반,10601,0,0,0,0,0,0,0,0,0,0,0,0
음식점/카페/주점,중식,코스,10602,0,0,0,0,0,0,0,0,0,0,0,0
음식점/카페/주점,중식,기타,10603,0,0,0,0,0,0,0,0,0,0,0,0
음식점/카페/주점,부페,0,107,0,0,0,0,0,0,0,0,0,0,0,0
음식점/카페/주점,부페,일반부페,10701,0,0,0,0,0,0,0,0,0,0,0,0
음식점/카페/주점,부페,호텔부페,10702,0,0,0,0,0,0,0,0,0,0,0,0
음식점/카페/주점,부페,전문부페,10703,0,0,0,0,0,0,0,0,0,0,0,0
음식점/카페/주점,부페,기타,10704,0,0,0,0,0,0,0,0,0,0,0,0
음식점/카페/주점,기타,0,108,0,0,0,0,0,0,0,0,0,0,0,0
음식점/카페/주점,기타,퓨전,10801,0,0,0,0,0,0,0,0,0,0,0,0
음식점/카페/주점,기타,동남아음식,10802,0,0,0,0,0,0,0,0,0,0,0,0
음식점/카페/주점,기타,멕시코요리,10803,0,0,0,0,0,0,0,0,0,0,0,0
음식점/카페/주점,기타,인도음식,10804,0,0,0,0,0,0,0,0,0,0,0,0
음식점/카페/주점,기타,보양식,10805,0,0,0,0,0,0,0,0,0,0,0,0
음식점/카페/주점,기타,야식(24시간오픈),10806,0,0,0,0,0,0,0,0,0,0,0,0
음식점/카페/주점,기타,요정,10807,0,0,0,0,0,0,0,0,0,0,0,0
음식점/카페/주점,기타,기타,10808,0,0,0,0,0,0,0,0,0,0,0,0
음식점/카페/주점,커피전문점,0,109,0,0,2,16,커피전문점,커피전문점_t,16,poi_coffee_icon,poi_coffee_icon_t,16,poi_coffee_icon,poi_coffee_icon_t
음식점/카페/주점,커피전문점,스타벅스,10901,0,1,0,0,0,0,0,0,0,0,0,0
음식점/카페/주점,커피전문점,할리스커피,10902,0,1,0,0,0,0,0,0,0,0,0,0
음식점/카페/주점,커피전문점,파스쿠찌,10903,0,1,0,0,0,0,0,0,0,0,0,0
음식점/카페/주점,커피전문점,커피빈,10904,0,1,0,0,0,0,0,0,0,0,0,0
음식점/카페/주점,커피전문점,엔제리너스,10905,0,1,0,0,0,0,0,0,0,0,0,0
음식점/카페/주점,커피전문점,카페쎄리오,10906,0,1,0,0,0,0,0,0,0,0,0,0
음식점/카페/주점,커피전문점,탐앤탐스,10907,0,1,0,0,0,0,0,0,0,0,0,0
음식점/카페/주점,커피전문점,카페베네,10908,0,1,0,0,0,0,0,0,0,0,0,0
음식점/카페/주점,커피전문점,커핀그루나루,10909,0,1,0,0,0,0,0,0,0,0,0,0
음식점/카페/주점,커피전문점,카페띠아모,10910,0,1,0,0,0,0,0,0,0,0,0,0
음식점/카페/주점,커피전문점,자바시티,10911,0,1,0,0,0,0,0,0,0,0,0,0
음식점/카페/주점,커피전문점,요거프레소,10912,0,1,0,0,0,0,0,0,0,0,0,0
음식점/카페/주점,커피전문점,투썸플레이스,10913,0,1,0,0,0,0,0,0,0,0,0,0
음식점/카페/주점,커피전문점,망고식스,10914,0,1,0,0,0,0,0,0,0,0,0,0
음식점/카페/주점,커피전문점,이디야,10915,0,1,0,0,0,0,0,0,0,0,0,0
음식점/카페/주점,커피전문점,주커피,10916,0,1,0,0,0,0,0,0,0,0,0,0
음식점/카페/주점,커피전문점,스무디킹,10917,0,1,0,0,0,0,0,0,0,0,0,0
음식점/카페/주점,커피전문점,드롭탑,10918,0,1,0,0,0,0,0,0,0,0,0,0
음식점/카페/주점,커피전문점,설빙,10919,0,1,0,0,0,0,0,0,0,0,0,0
음식점/카페/주점,커피전문점,기타,10920,0,0,0,0,0,0,0,0,0,0,0,0
음식점/카페/주점,다방/전통찻집,0,110,0,0,0,0,0,0,0,0,0,0,0,0
음식점/카페/주점,다방/전통찻집,다방,11001,0,0,0,0,0,0,0,0,0,0,0,0
음식점/카페/주점,다방/전통찻집,전통찻집,11002,0,0,0,0,0,0,0,0,0,0,0,0
음식점/카페/주점,다방/전통찻집,차전문점,11003,0,0,0,0,0,0,0,0,0,0,0,0
음식점/카페/주점,다방/전통찻집,공차,11004,0,1,0,0,0,0,0,0,0,0,0,0
음식점/카페/주점,다방/전통찻집,기타,11005,0,0,0,0,0,0,0,0,0,0,0,0
음식점/카페/주점,카페/주점,0,111,0,0,0,0,0,0,0,0,0,0,0,0
음식점/카페/주점,카페/주점,카페,11101,0,0,0,0,0,0,0,0,0,0,0,0
음식점/카페/주점,카페/주점,바,11102,0,0,0,0,0,0,0,0,0,0,0,0
음식점/카페/주점,카페/주점,와인바,11103,0,0,0,0,0,0,0,0,0,0,0,0
음식점/카페/주점,카페/주점,호프,11104,0,0,0,0,0,0,0,0,0,0,0,0
음식점/카페/주점,카페/주점,소주방,11105,0,0,0,0,0,0,0,0,0,0,0,0
음식점/카페/주점,카페/주점,로바다야끼,11106,0,0,0,0,0,0,0,0,0,0,0,0
음식점/카페/주점,카페/주점,일식주점,11107,0,0,0,0,0,0,0,0,0,0,0,0
음식점/카페/주점,카페/주점,단란주점,11108,0,0,0,0,0,0,0,0,0,0,0,0
음식점/카페/주점,카페/주점,디스코텍,11109,0,0,0,0,0,0,0,0,0,0,0,0
음식점/카페/주점,카페/주점,투다리,11110,0,0,0,0,0,0,0,0,0,0,0,0
음식점/카페/주점,카페/주점,봉구비어,11111,0,0,0,0,0,0,0,0,0,0,0,0
음식점/카페/주점,카페/주점,피쉬앤그릴,11112,0,0,0,0,0,0,0,0,0,0,0,0
음식점/카페/주점,카페/주점,치어스,11113,0,0,0,0,0,0,0,0,0,0,0,0
음식점/카페/주점,카페/주점,말자싸롱,11114,0,0,0,0,0,0,0,0,0,0,0,0
음식점/카페/주점,카페/주점,용구비어,11115,0,0,0,0,0,0,0,0,0,0,0,0
음식점/카페/주점,카페/주점,짝태&노가리,11116,0,0,0,0,0,0,0,0,0,0,0,0
음식점/카페/주점,카페/주점,가르텐비어,11117,0,0,0,0,0,0,0,0,0,0,0,0
음식점/카페/주점,카페/주점,꼬지사께,11118,0,0,0,0,0,0,0,0,0,0,0,0
음식점/카페/주점,카페/주점,기타,11119,0,0,0,0,0,0,0,0,0,0,0,0
쇼핑,0,0,2,0,0,1,2,쇼핑,쇼핑_t,2,poi_shopping_icon,poi_shopping_icon_t,2,poi_shopping_icon,poi_shopping_icon_t
쇼핑,편의점,0,201,0,0,2,17,편의점,편의점_t,17,poi_store_icon,poi_store_icon_t,17,poi_store_icon,poi_store_icon_t
쇼핑,편의점,세븐일레븐,20101,0,1,0,0,0,0,0,0,0,0,0,0
쇼핑,편의점,GS25,20102,0,1,0,0,0,0,0,0,0,0,0,0
쇼핑,편의점,CU,20103,0,1,0,0,0,0,0,0,0,0,0,0
쇼핑,편의점,미니스톱,20104,0,1,0,0,0,0,0,0,0,0,0,0
쇼핑,편의점,CSPACE,20105,0,1,0,0,0,0,0,0,0,0,0,0
쇼핑,편의점,OK마트,20106,0,1,0,0,0,0,0,0,0,0,0,0
쇼핑,편의점,JOYMART,20107,0,1,0,0,0,0,0,0,0,0,0,0
쇼핑,편의점,CJ올리브영,20108,0,1,0,0,0,0,0,0,0,0,0,0
쇼핑,편의점,이마트24,20109,0,1,0,0,0,0,0,0,0,0,0,0
쇼핑,편의점,롭스,20110,0,1,0,0,0,0,0,0,0,0,0,0
쇼핑,편의점,랄라블라,20111,0,1,0,0,0,0,0,0,0,0,0,0
쇼핑,편의점,기타,20112,0,0,0,0,0,0,0,0,0,0,0,0
쇼핑,대형슈퍼마켓,0,202,0,0,0,0,0,0,0,0,0,0,0,0
쇼핑,대형슈퍼마켓,GS수퍼마켓,20201,0,1,0,0,0,0,0,0,0,0,0,0
쇼핑,대형슈퍼마켓,롯데수퍼,20202,0,1,0,0,0,0,0,0,0,0,0,0
쇼핑,대형슈퍼마켓,하나로마트,20203,0,1,0,0,0,0,0,0,0,0,0,0
쇼핑,대형슈퍼마켓,홈플러스익스프레스,20204,0,1,0,0,0,0,0,0,0,0,0,0
쇼핑,대형슈퍼마켓,이마트에브리데이,20205,0,1,0,0,0,0,0,0,0,0,0,0
쇼핑,대형슈퍼마켓,기타,20206,0,0,0,0,0,0,0,0,0,0,0,0
쇼핑,일반슈퍼,0,203,0,0,0,0,0,0,0,0,0,0,0,0
쇼핑,일반슈퍼,N,20300,0,0,0,0,0,0,0,0,0,0,0,0
쇼핑,할인점,0,204,0,0,2,18,할인점,할인점_t,18,poi_hypermarket_icon,poi_hypermarket_icon_t,18,poi_hypermarket_icon,poi_hypermarket_icon_t
쇼핑,할인점,이마트,20401,0,1,0,0,0,0,0,0,0,0,0,0
쇼핑,할인점,홈플러스,20402,0,1,0,0,0,0,0,0,0,0,0,0
쇼핑,할인점,롯데마트,20403,0,1,0,0,0,0,0,0,0,0,0,0
쇼핑,할인점,농협하나로클럽,20404,0,1,0,0,0,0,0,0,0,0,0,0
쇼핑,할인점,코스트코홀세일,20405,0,1,0,0,0,0,0,0,0,0,0,0
쇼핑,할인점,세이브존,20406,0,1,0,0,0,0,0,0,0,0,0,0
쇼핑,할인점,킴스클럽,20407,0,1,0,0,0,0,0,0,0,0,0,0
쇼핑,할인점,2001아울렛,20408,0,1,0,0,0,0,0,0,0,0,0,0
쇼핑,할인점,뉴코아아울렛,20409,0,1,0,0,0,0,0,0,0,0,0,0
쇼핑,할인점,메가마트,20410,0,1,0,0,0,0,0,0,0,0,0,0
쇼핑,할인점,기타,20411,0,0,0,0,0,0,0,0,0,0,0,0
쇼핑,쇼핑몰/아웃렛,0,205,0,0,0,0,0,0,0,0,0,0,0,0
쇼핑,쇼핑몰/아웃렛,의류쇼핑몰,20501,0,0,0,0,0,0,0,0,0,0,0,0
쇼핑,쇼핑몰/아웃렛,전자제품쇼핑몰,20502,1,0,0,0,0,0,0,0,0,0,0,0
쇼핑,쇼핑몰/아웃렛,아웃렛,20503,0,0,0,0,0,0,0,0,0,0,0,0
쇼핑,쇼핑몰/아웃렛,기타,20504,0,0,0,0,0,0,0,0,0,0,0,0
쇼핑,백화점/면세점,0,206,0,0,2,19,백화점_면세점,백화점_면세점_t,19,poi_department_icon,poi_department_icon_t,19,poi_department_icon,poi_department_icon_t
쇼핑,백화점/면세점,롯데백화점,20601,0,1,0,0,0,0,0,0,0,0,0,0
쇼핑,백화점/면세점,현대백화점,20602,0,1,0,0,0,0,0,0,0,0,0,0
쇼핑,백화점/면세점,신세계백화점,20603,0,1,0,0,0,0,0,0,0,0,0,0
쇼핑,백화점/면세점,갤러리아백화점,20604,0,1,0,0,0,0,0,0,0,0,0,0
쇼핑,백화점/면세점,AK플라자,20605,0,1,0,0,0,0,0,0,0,0,0,0
쇼핑,백화점/면세점,동아백화점,20606,0,1,0,0,0,0,0,0,0,0,0,0
쇼핑,백화점/면세점,그랜드백화점,20607,0,1,0,0,0,0,0,0,0,0,0,0
쇼핑,백화점/면세점,면세점,20608,0,0,0,0,0,0,0,0,0,0,0,0
쇼핑,백화점/면세점,NC백화점,20609,0,1,0,0,0,0,0,0,0,0,0,0
쇼핑,백화점/면세점,기타,20610,0,0,0,0,0,0,0,0,0,0,0,0
쇼핑,시장,0,207,0,0,0,0,0,0,0,0,0,0,0,0
쇼핑,시장,대형시장,20701,0,0,0,0,0,0,0,0,0,0,0,0
쇼핑,시장,전문도매시장,20702,0,0,0,0,0,0,0,0,0,0,0,0
쇼핑,시장,재래시장,20703,0,0,0,0,0,0,0,0,0,0,0,0
쇼핑,시장,기타,20704,0,0,0,0,0,0,0,0,0,0,0,0
쇼핑,제과점,0,208,0,0,0,0,0,0,0,0,0,0,0,0
쇼핑,제과점,파리바게뜨,20801,0,1,0,0,0,0,0,0,0,0,0,0
쇼핑,제과점,뚜레쥬르,20802,0,1,0,0,0,0,0,0,0,0,0,0
쇼핑,제과점,케익하우스엠마,20803,0,1,0,0,0,0,0,0,0,0,0,0
쇼핑,제과점,신라명과,20804,0,1,0,0,0,0,0,0,0,0,0,0
쇼핑,제과점,빵굼터,20805,0,1,0,0,0,0,0,0,0,0,0,0
쇼핑,제과점,로티보이,20806,0,1,0,0,0,0,0,0,0,0,0,0
쇼핑,제과점,기타,20807,0,0,0,0,0,0,0,0,0,0,0,0
쇼핑,서점/문구점,0,209,0,0,0,0,0,0,0,0,0,0,0,0
쇼핑,서점/문구점,교보문고,20901,0,1,0,0,0,0,0,0,0,0,0,0
쇼핑,서점/문구점,영풍문고,20902,0,1,0,0,0,0,0,0,0,0,0,0
쇼핑,서점/문구점,반디앤루니스,20903,0,1,0,0,0,0,0,0,0,0,0,0
쇼핑,서점/문구점,리브로,20904,0,1,0,0,0,0,0,0,0,0,0,0
쇼핑,서점/문구점,모닝글로리,20905,0,0,0,0,0,0,0,0,0,0,0,0
쇼핑,서점/문구점,알파문구,20906,0,0,0,0,0,0,0,0,0,0,0,0
쇼핑,서점/문구점,아트박스,20907,0,0,0,0,0,0,0,0,0,0,0,0
쇼핑,서점/문구점,다이소,20908,0,1,0,0,0,0,0,0,0,0,0,0
쇼핑,서점/문구점,일반서점,20909,0,0,0,0,0,0,0,0,0,0,0,0
쇼핑,서점/문구점,일반문구점,20910,0,0,0,0,0,0,0,0,0,0,0,0
쇼핑,서점/문구점,기타,20911,0,0,0,0,0,0,0,0,0,0,0,0
쇼핑,식료품전문매장,0,210,0,0,0,0,0,0,0,0,0,0,0,0
쇼핑,식료품전문매장,채소/야채/유기농,21001,0,0,0,0,0,0,0,0,0,0,0,0
쇼핑,식료품전문매장,건강보조식품점,21002,0,0,0,0,0,0,0,0,0,0,0,0
쇼핑,식료품전문매장,청과전문,21003,0,0,0,0,0,0,0,0,0,0,0,0
쇼핑,식료품전문매장,정육점,21004,0,0,0,0,0,0,0,0,0,0,0,0
쇼핑,식료품전문매장,해산물전문,21005,0,0,0,0,0,0,0,0,0,0,0,0
쇼핑,식료품전문매장,반찬전문,21006,0,0,0,0,0,0,0,0,0,0,0,0
쇼핑,식료품전문매장,기타,21007,0,0,0,0,0,0,0,0,0,0,0,0
쇼핑,스포츠전문매장,0,211,0,0,0,0,0,0,0,0,0,0,0,0
쇼핑,스포츠전문매장,골프샵,21101,0,0,0,0,0,0,0,0,0,0,0,0
쇼핑,스포츠전문매장,스키샵,21102,0,0,0,0,0,0,0,0,0,0,0,0
쇼핑,스포츠전문매장,낚시전문샵,21103,0,0,0,0,0,0,0,0,0,0,0,0
쇼핑,스포츠전문매장,자전거샵,21104,0,0,0,0,0,0,0,0,0,0,0,0
쇼핑,스포츠전문매장,등산/아웃도어샵,21105,0,0,0,0,0,0,0,0,0,0,0,0
쇼핑,스포츠전문매장,아디다스,21106,0,1,0,0,0,0,0,0,0,0,0,0
쇼핑,스포츠전문매장,나이키,21107,0,1,0,0,0,0,0,0,0,0,0,0
쇼핑,스포츠전문매장,ABC마트,21108,0,1,0,0,0,0,0,0,0,0,0,0
쇼핑,스포츠전문매장,아식스,21109,0,1,0,0,0,0,0,0,0,0,0,0
쇼핑,스포츠전문매장,뉴발란스,21110,0,1,0,0,0,0,0,0,0,0,0,0
쇼핑,스포츠전문매장,푸마,21111,0,1,0,0,0,0,0,0,0,0,0,0
쇼핑,스포츠전문매장,엘레쎄,21112,0,1,0,0,0,0,0,0,0,0,0,0
쇼핑,스포츠전문매장,프로스펙스,21113,0,1,0,0,0,0,0,0,0,0,0,0
쇼핑,스포츠전문매장,르꼬끄스포르티브,21114,0,1,0,0,0,0,0,0,0,0,0,0
쇼핑,스포츠전문매장,리복,21115,0,1,0,0,0,0,0,0,0,0,0,0
쇼핑,스포츠전문매장,FILA,21116,0,1,0,0,0,0,0,0,0,0,0,0
쇼핑,스포츠전문매장,케이스위스,21117,0,1,0,0,0,0,0,0,0,0,0,0
쇼핑,스포츠전문매장,스프리스,21118,0,1,0,0,0,0,0,0,0,0,0,0
쇼핑,스포츠전문매장,EXR,21119,0,1,0,0,0,0,0,0,0,0,0,0
쇼핑,스포츠전문매장,KAPPA,21120,0,1,0,0,0,0,0,0,0,0,0,0
쇼핑,스포츠전문매장,아이더,21121,0,1,0,0,0,0,0,0,0,0,0,0
쇼핑,스포츠전문매장,코베아,21122,0,1,0,0,0,0,0,0,0,0,0,0
쇼핑,스포츠전문매장,코오롱스포츠,21123,0,1,0,0,0,0,0,0,0,0,0,0
쇼핑,스포츠전문매장,블랙야크,21124,0,1,0,0,0,0,0,0,0,0,0,0
쇼핑,스포츠전문매장,밀레,21125,0,1,0,0,0,0,0,0,0,0,0,0
쇼핑,스포츠전문매장,노스페이스,21126,0,1,0,0,0,0,0,0,0,0,0,0
쇼핑,스포츠전문매장,네파,21127,0,1,0,0,0,0,0,0,0,0,0,0
쇼핑,스포츠전문매장,기타,21128,0,0,0,0,0,0,0,0,0,0,0,0
쇼핑,가전전문매장,0,212,0,0,0,0,0,0,0,0,0,0,0,0
쇼핑,가전전문매장,하이마트,21201,0,1,0,0,0,0,0,0,0,0,0,0
쇼핑,가전전문매장,삼성전자디지털프라자,21202,0,1,0,0,0,0,0,0,0,0,0,0
쇼핑,가전전문매장,LG베스트샵,21203,0,1,0,0,0,0,0,0,0,0,0,0
쇼핑,가전전문매장,전자랜드,21204,0,1,0,0,0,0,0,0,0,0,0,0
쇼핑,가전전문매장,대우전자,21205,0,0,0,0,0,0,0,0,0,0,0,0
쇼핑,가전전문매장,전자제품쇼핑몰,21206,1,0,0,0,0,0,0,0,0,0,0,0
쇼핑,가전전문매장,인켈,21207,0,1,0,0,0,0,0,0,0,0,0,0
쇼핑,가전전문매장,기타,21208,0,0,0,0,0,0,0,0,0,0,0,0
쇼핑,서비스센터전체,0,213,0,0,0,0,0,0,0,0,0,0,0,0
쇼핑,서비스센터전체,삼성서비스센터,21301,0,0,0,0,0,0,0,0,0,0,0,0
쇼핑,서비스센터전체,LG서비스센터,21302,0,0,0,0,0,0,0,0,0,0,0,0
쇼핑,서비스센터전체,대우서비스센터,21303,0,0,0,0,0,0,0,0,0,0,0,0
쇼핑,서비스센터전체,파인드라이브서비스센터,21304,0,0,0,0,0,0,0,0,0,0,0,0
쇼핑,서비스센터전체,인켈서비스센터,21305,0,0,0,0,0,0,0,0,0,0,0,0
쇼핑,서비스센터전체,기타,21306,0,0,0,0,0,0,0,0,0,0,0,0
쇼핑,기타매장,0,214,0,0,0,0,0,0,0,0,0,0,0,0
쇼핑,기타매장,꽃/원예전문점,21401,0,0,0,0,0,0,0,0,0,0,0,0
쇼핑,기타매장,안경전문점,21402,0,0,0,0,0,0,0,0,0,0,0,0
쇼핑,기타매장,의류전문매장,21403,0,0,0,0,0,0,0,0,0,0,0,0
쇼핑,기타매장,레코드점,21404,0,0,0,0,0,0,0,0,0,0,0,0
쇼핑,기타매장,화장품전문매장,21405,0,0,0,0,0,0,0,0,0,0,0,0
쇼핑,기타매장,팬시/액세서리매장,21406,0,0,0,0,0,0,0,0,0,0,0,0
쇼핑,기타매장,보석/귀금속매장,21407,0,0,0,0,0,0,0,0,0,0,0,0
쇼핑,기타매장,카메라/시계매장,21408,0,0,0,0,0,0,0,0,0,0,0,0
쇼핑,기타매장,가방/구두매장,21409,0,0,0,0,0,0,0,0,0,0,0,0
쇼핑,기타매장,악기전문매장,21410,0,0,0,0,0,0,0,0,0,0,0,0
쇼핑,기타매장,가정잡화매장,21411,0,0,0,0,0,0,0,0,0,0,0,0
쇼핑,기타매장,주류전문매장,21412,0,0,0,0,0,0,0,0,0,0,0,0
쇼핑,기타매장,가구/인테리어매장,21413,0,0,0,0,0,0,0,0,0,0,0,0
쇼핑,기타매장,조명전문매장,21414,0,0,0,0,0,0,0,0,0,0,0,0
쇼핑,기타매장,책/비디오/DVD렌탈,21415,0,0,0,0,0,0,0,0,0,0,0,0
쇼핑,기타매장,세탁소,21416,0,0,0,0,0,0,0,0,0,0,0,0
쇼핑,기타매장,미용실/이발소,21417,0,0,0,0,0,0,0,0,0,0,0,0
쇼핑,기타매장,사진관,21418,0,0,0,0,0,0,0,0,0,0,0,0
쇼핑,기타매장,전문수리/수선,21419,0,0,0,0,0,0,0,0,0,0,0,0
쇼핑,기타매장,부동산,21420,0,0,0,0,0,0,0,0,0,0,0,0
쇼핑,기타매장,재활용센터,21421,0,0,0,0,0,0,0,0,0,0,0,0
쇼핑,기타매장,애완동물,21422,0,0,0,0,0,0,0,0,0,0,0,0
쇼핑,기타매장,장난감,21423,0,0,0,0,0,0,0,0,0,0,0,0
쇼핑,기타매장,복권판매,21424,0,0,0,0,0,0,0,0,0,0,0,0
쇼핑,기타매장,택배/퀵,21425,0,0,0,0,0,0,0,0,0,0,0,0
쇼핑,기타매장,열쇠,21426,0,0,0,0,0,0,0,0,0,0,0,0
쇼핑,기타매장,기타,21427,0,0,0,0,0,0,0,0,0,0,0,0
숙박,0,0,3,0,0,1,3,숙박,숙박_t,3,poi_stay_icon,poi_stay_icon_t,3,poi_stay_icon,poi_stay_icon_t
숙박,호텔,0,301,0,0,0,0,0,0,0,0,0,0,0,0
숙박,호텔,특급호텔,30101,0,0,0,0,0,0,0,0,0,0,0,0
숙박,호텔,일반호텔,30102,0,0,0,0,0,0,0,0,0,0,0,0
숙박,호텔,레지던스,30103,0,0,0,0,0,0,0,0,0,0,0,0
숙박,호텔,라마다,30104,0,0,0,0,0,0,0,0,0,0,0,0
숙박,호텔,롯데,30105,0,0,0,0,0,0,0,0,0,0,0,0
숙박,호텔,메리어트,30106,0,0,0,0,0,0,0,0,0,0,0,0
숙박,호텔,베니키아,30107,0,0,0,0,0,0,0,0,0,0,0,0
숙박,호텔,베스트웨스턴,30108,0,0,0,0,0,0,0,0,0,0,0,0
숙박,호텔,쉐라톤,30109,0,0,0,0,0,0,0,0,0,0,0,0
숙박,호텔,신라,30110,0,0,0,0,0,0,0,0,0,0,0,0
숙박,호텔,이비스,30111,0,0,0,0,0,0,0,0,0,0,0,0
숙박,호텔,노보텔,30112,0,0,0,0,0,0,0,0,0,0,0,0
숙박,호텔,하얏트,30113,0,0,0,0,0,0,0,0,0,0,0,0
숙박,호텔,힐튼,30114,0,0,0,0,0,0,0,0,0,0,0,0
숙박,호텔,기타,30115,0,0,0,0,0,0,0,0,0,0,0,0
숙박,콘도미니엄,0,302,0,0,0,0,0,0,0,0,0,0,0,0
숙박,콘도미니엄,한화리조트,30201,1,0,0,0,0,0,0,0,0,0,0,0
숙박,콘도미니엄,대명리조트,30202,1,0,0,0,0,0,0,0,0,0,0,0
숙박,콘도미니엄,한국콘도,30203,1,0,0,0,0,0,0,0,0,0,0,0
숙박,콘도미니엄,코레스코콘도,30204,1,0,0,0,0,0,0,0,0,0,0,0
숙박,콘도미니엄,일성콘도,30205,1,0,0,0,0,0,0,0,0,0,0,0
숙박,콘도미니엄,유스호스텔,30206,1,0,0,0,0,0,0,0,0,0,0,0
숙박,콘도미니엄,수련원/연수원,30207,0,0,0,0,0,0,0,0,0,0,0,0
숙박,콘도미니엄,기타,30208,0,0,0,0,0,0,0,0,0,0,0,0
숙박,기타숙박,0,303,0,0,0,0,0,0,0,0,0,0,0,0
숙박,기타숙박,펜션,30301,0,0,0,0,0,0,0,0,0,0,0,0
숙박,기타숙박,민박,30302,0,0,0,0,0,0,0,0,0,0,0,0
숙박,기타숙박,모텔/여관,30303,0,0,0,0,0,0,0,0,0,0,0,0
숙박,기타숙박,야자,30304,0,0,0,0,0,0,0,0,0,0,0,0
숙박,기타숙박,얌,30305,0,0,0,0,0,0,0,0,0,0,0,0
숙박,기타숙박,코텔,30306,0,0,0,0,0,0,0,0,0,0,0,0
숙박,기타숙박,24게스트하우스,30307,0,0,0,0,0,0,0,0,0,0,0,0
숙박,기타숙박,K-게스트하우스,30308,0,0,0,0,0,0,0,0,0,0,0,0
숙박,기타숙박,필스테이,30309,0,0,0,0,0,0,0,0,0,0,0,0
숙박,기타숙박,기타,30310,0,0,0,0,0,0,0,0,0,0,0,0
여행/스포츠/오락,0,0,4,0,0,1,4,여행스포츠,여행스포츠_t,4,poi_sports_icon,poi_sports_icon_t,4,poi_sports_icon,poi_sports_icon_t
여행/스포츠/오락,여행안내/예약,0,401,0,0,0,0,0,0,0,0,0,0,0,0
여행/스포츠/오락,여행안내/예약,관광안내소/매표소,40101,0,0,0,0,0,0,0,0,0,0,0,0
여행/스포츠/오락,여행안내/예약,항공사/여행사,40102,0,0,0,0,0,0,0,0,0,0,0,0
여행/스포츠/오락,여행안내/예약,기타,40103,0,0,0,0,0,0,0,0,0,0,0,0
여행/스포츠/오락,온천/사우나,0,402,0,0,0,0,0,0,0,0,0,0,0,0
여행/스포츠/오락,온천/사우나,대형스파,40201,0,0,0,0,0,0,0,0,0,0,0,0
여행/스포츠/오락,온천/사우나,온천,40202,0,0,0,0,0,0,0,0,0,0,0,0
여행/스포츠/오락,온천/사우나,찜질방,40203,0,0,0,0,0,0,0,0,0,0,0,0
여행/스포츠/오락,온천/사우나,사우나/목욕탕,40204,0,0,0,0,0,0,0,0,0,0,0,0
여행/스포츠/오락,온천/사우나,기타,40205,0,0,0,0,0,0,0,0,0,0,0,0
여행/스포츠/오락,골프장,0,403,0,0,0,0,0,0,0,0,0,0,0,0
여행/스포츠/오락,골프장,회원제골프장,40301,0,0,0,0,0,0,0,0,0,0,0,0
여행/스포츠/오락,골프장,퍼블릭골프장,40302,0,0,0,0,0,0,0,0,0,0,0,0
여행/스포츠/오락,레포츠시설,0,404,0,0,0,0,0,0,0,0,0,0,0,0
여행/스포츠/오락,레포츠시설,스키장,40401,0,0,0,0,0,0,0,0,0,0,0,0
여행/스포츠/오락,레포츠시설,눈썰매장,40402,0,0,0,0,0,0,0,0,0,0,0,0
여행/스포츠/오락,레포츠시설,각종운동장,40403,0,0,0,0,0,0,0,0,0,0,0,0
여행/스포츠/오락,레포츠시설,수영장,40404,0,0,0,0,0,0,0,0,0,0,0,0
여행/스포츠/오락,레포츠시설,볼링장,40405,0,0,0,0,0,0,0,0,0,0,0,0
여행/스포츠/오락,레포츠시설,낚시터,40406,0,0,0,0,0,0,0,0,0,0,0,0
여행/스포츠/오락,레포츠시설,실외골프연습장,40407,0,0,0,0,0,0,0,0,0,0,0,0
여행/스포츠/오락,레포츠시설,실내골프연습장,40408,0,0,0,0,0,0,0,0,0,0,0,0
여행/스포츠/오락,레포츠시설,헬스클럽,40409,0,0,0,0,0,0,0,0,0,0,0,0
여행/스포츠/오락,레포츠시설,스포츠센터,40410,0,0,0,0,0,0,0,0,0,0,0,0
여행/스포츠/오락,레포츠시설,테니스코트,40411,0,0,0,0,0,0,0,0,0,0,0,0
여행/스포츠/오락,레포츠시설,아이스링크,40412,0,0,0,0,0,0,0,0,0,0,0,0
여행/스포츠/오락,레포츠시설,서바이벌게임장,40413,0,0,0,0,0,0,0,0,0,0,0,0
여행/스포츠/오락,레포츠시설,자동차경주장,40414,0,0,0,0,0,0,0,0,0,0,0,0
여행/스포츠/오락,레포츠시설,요트장,40415,0,0,0,0,0,0,0,0,0,0,0,0
여행/스포츠/오락,레포츠시설,래프팅,40416,0,0,0,0,0,0,0,0,0,0,0,0
여행/스포츠/오락,레포츠시설,수상스포츠,40417,0,0,0,0,0,0,0,0,0,0,0,0
여행/스포츠/오락,레포츠시설,양궁장,40418,0,0,0,0,0,0,0,0,0,0,0,0
여행/스포츠/오락,레포츠시설,사격장,40419,0,0,0,0,0,0,0,0,0,0,0,0
여행/스포츠/오락,레포츠시설,승마장,40420,0,0,0,0,0,0,0,0,0,0,0,0
여행/스포츠/오락,레포츠시설,기타,40421,0,0,0,0,0,0,0,0,0,0,0,0
여행/스포츠/오락,스포츠관람,0,405,0,0,0,0,0,0,0,0,0,0,0,0
여행/스포츠/오락,스포츠관람,종합운동장,40501,0,0,0,0,0,0,0,0,0,0,0,0
여행/스포츠/오락,스포츠관람,야구장,40502,0,0,0,0,0,0,0,0,0,0,0,0
여행/스포츠/오락,스포츠관람,축구장,40503,0,0,0,0,0,0,0,0,0,0,0,0
여행/스포츠/오락,스포츠관람,실내체육관,40504,0,0,0,0,0,0,0,0,0,0,0,0
여행/스포츠/오락,스포츠관람,기타,40505,0,0,0,0,0,0,0,0,0,0,0,0
여행/스포츠/오락,놀이동산/동물원,0,406,0,0,0,0,0,0,0,0,0,0,0,0
여행/스포츠/오락,놀이동산/동물원,놀이동산,40601,0,0,0,0,0,0,0,0,0,0,0,0
여행/스포츠/오락,놀이동산/동물원,아쿠아리움,40602,0,0,0,0,0,0,0,0,0,0,0,0
여행/스포츠/오락,놀이동산/동물원,동물원,40603,0,0,0,0,0,0,0,0,0,0,0,0
여행/스포츠/오락,놀이동산/동물원,식물원,40604,0,0,0,0,0,0,0,0,0,0,0,0
여행/스포츠/오락,경마/경륜/오락,0,407,0,0,0,0,0,0,0,0,0,0,0,0
여행/스포츠/오락,경마/경륜/오락,카지노,40701,0,0,0,0,0,0,0,0,0,0,0,0
여행/스포츠/오락,경마/경륜/오락,경마장,40702,0,0,0,0,0,0,0,0,0,0,0,0
여행/스포츠/오락,경마/경륜/오락,실내경마장,40703,0,0,0,0,0,0,0,0,0,0,0,0
여행/스포츠/오락,경마/경륜/오락,경륜장,40704,0,0,0,0,0,0,0,0,0,0,0,0
여행/스포츠/오락,경마/경륜/오락,성인오락실,40705,0,0,0,0,0,0,0,0,0,0,0,0
여행/스포츠/오락,경마/경륜/오락,오락실,40706,0,0,0,0,0,0,0,0,0,0,0,0
여행/스포츠/오락,경마/경륜/오락,세븐럭카지노,40707,0,0,0,0,0,0,0,0,0,0,0,0
여행/스포츠/오락,경마/경륜/오락,파라다이스카지노,40708,0,0,0,0,0,0,0,0,0,0,0,0
여행/스포츠/오락,경마/경륜/오락,기타,40709,0,0,0,0,0,0,0,0,0,0,0,0
여행/스포츠/오락,공원,0,408,0,0,0,0,0,0,0,0,0,0,0,0
여행/스포츠/오락,공원,국립공원,40801,1,0,0,0,0,0,0,0,0,0,0,0
여행/스포츠/오락,공원,도립공원,40802,1,0,0,0,0,0,0,0,0,0,0,0
여행/스포츠/오락,공원,군립공원,40803,0,0,0,0,0,0,0,0,0,0,0,0
여행/스포츠/오락,공원,대형도심공원,40804,0,0,0,0,0,0,0,0,0,0,0,0
여행/스포츠/오락,공원,기타,40805,0,0,0,0,0,0,0,0,0,0,0,0
여행/스포츠/오락,명승지전체,0,409,0,0,0,0,0,0,0,0,0,0,0,0
여행/스포츠/오락,명승지전체,궁궐/종묘,40901,0,0,0,0,0,0,0,0,0,0,0,0
여행/스포츠/오락,명승지전체,유명사찰,40902,0,0,0,0,0,0,0,0,0,0,0,0
여행/스포츠/오락,명승지전체,고택/생가/민속마을,40903,0,0,0,0,0,0,0,0,0,0,0,0
여행/스포츠/오락,명승지전체,서원/향교/서당,40904,0,0,0,0,0,0,0,0,0,0,0,0
여행/스포츠/오락,명승지전체,비/문/각/탑,40905,0,0,0,0,0,0,0,0,0,0,0,0
여행/스포츠/오락,명승지전체,성/성터,40906,0,0,0,0,0,0,0,0,0,0,0,0
여행/스포츠/오락,명승지전체,능/묘,40907,0,0,0,0,0,0,0,0,0,0,0,0
여행/스포츠/오락,명승지전체,기타,40908,0,0,0,0,0,0,0,0,0,0,0,0
여행/스포츠/오락,관광지,0,410,0,0,0,0,0,0,0,0,0,0,0,0
여행/스포츠/오락,관광지,국/도립공원,41001,1,0,0,0,0,0,0,0,0,0,0,0
여행/스포츠/오락,관광지,관광단지,41002,0,0,0,0,0,0,0,0,0,0,0,0
여행/스포츠/오락,관광지,명산,41003,0,0,0,0,0,0,0,0,0,0,0,0
여행/스포츠/오락,관광지,자연휴양림,41004,0,0,0,0,0,0,0,0,0,0,0,0
여행/스포츠/오락,관광지,폭포/계곡,41005,0,0,0,0,0,0,0,0,0,0,0,0
여행/스포츠/오락,관광지,호수/강,41006,0,0,0,0,0,0,0,0,0,0,0,0
여행/스포츠/오락,관광지,동굴,41007,0,0,0,0,0,0,0,0,0,0,0,0
여행/스포츠/오락,관광지,해수욕장,41008,0,0,0,0,0,0,0,0,0,0,0,0
여행/스포츠/오락,관광지,섬,41009,0,0,0,0,0,0,0,0,0,0,0,0
여행/스포츠/오락,관광지,팜스테이,41010,0,0,0,0,0,0,0,0,0,0,0,0
여행/스포츠/오락,관광지,정보화마을,41011,0,0,0,0,0,0,0,0,0,0,0,0
여행/스포츠/오락,관광지,영어마을,41012,0,0,0,0,0,0,0,0,0,0,0,0
여행/스포츠/오락,관광지,리조트,41013,0,0,0,0,0,0,0,0,0,0,0,0
여행/스포츠/오락,관광지,먹거리/패션거리,41014,1,0,0,0,0,0,0,0,0,0,0,0
여행/스포츠/오락,관광지,관광농원/허브마을,41015,0,0,0,0,0,0,0,0,0,0,0,0
여행/스포츠/오락,관광지,유원지,41016,0,0,0,0,0,0,0,0,0,0,0,0
여행/스포츠/오락,관광지,드라마/영화촬영지,41017,0,0,0,0,0,0,0,0,0,0,0,0
여행/스포츠/오락,관광지,목장,41018,0,0,0,0,0,0,0,0,0,0,0,0
여행/스포츠/오락,관광지,일반농원,41019,0,0,0,0,0,0,0,0,0,0,0,0
여행/스포츠/오락,관광지,일반캠핑장,41020,0,0,0,0,0,0,0,0,0,0,0,0
여행/스포츠/오락,관광지,캠핑홀리데이(캠핑),41021,0,0,0,0,0,0,0,0,0,0,0,0
여행/스포츠/오락,관광지,잼핑홀리데이(캠핑),41022,0,0,0,0,0,0,0,0,0,0,0,0
여행/스포츠/오락,관광지,글램핑코리아(캠핑),41023,0,0,0,0,0,0,0,0,0,0,0,0
여행/스포츠/오락,관광지,기타,41024,0,0,0,0,0,0,0,0,0,0,0,0
여행/스포츠/오락,극장/공연장,0,411,0,0,0,0,0,0,0,0,0,0,0,0
여행/스포츠/오락,극장/공연장,영화관,41101,1,0,0,0,0,0,0,0,0,0,0,0
여행/스포츠/오락,극장/공연장,자동차극장,41102,1,0,0,0,0,0,0,0,0,0,0,0
여행/스포츠/오락,극장/공연장,대형공연장,41103,1,0,0,0,0,0,0,0,0,0,0,0
여행/스포츠/오락,극장/공연장,소극장,41104,1,0,0,0,0,0,0,0,0,0,0,0
여행/스포츠/오락,극장/공연장,기타,41105,1,0,0,0,0,0,0,0,0,0,0,0
여행/스포츠/오락,기타여행/오락,0,412,0,0,0,0,0,0,0,0,0,0,0,0
여행/스포츠/오락,기타여행/오락,PC방,41201,0,0,0,0,0,0,0,0,0,0,0,0
여행/스포츠/오락,기타여행/오락,노래방,41202,0,0,0,0,0,0,0,0,0,0,0,0
여행/스포츠/오락,기타여행/오락,기원(바둑/장기),41203,0,0,0,0,0,0,0,0,0,0,0,0
여행/스포츠/오락,기타여행/오락,점집,41204,0,0,0,0,0,0,0,0,0,0,0,0
차량관련시설,0,0,5,0,0,1,5,차량정비,차량정비_t,5,poi_car_icon,poi_car_icon_t,5,poi_car_icon,poi_car_icon_t
차량관련시설,주유소,0,501,0,0,2,20,주유소,주유소_t,20,poi_oil_icon,poi_oil_icon_t,20,poi_oil_icon,poi_oil_icon_t
차량관련시설,주유소,SK엔크린,50101,0,1,0,0,0,0,0,0,0,0,0,0
차량관련시설,주유소,GS칼텍스,50102,0,1,0,0,0,0,0,0,0,0,0,0
차량관련시설,주유소,현대오일뱅크,50103,0,1,0,0,0,0,0,0,0,0,0,0
차량관련시설,주유소,S-OIL,50104,0,1,0,0,0,0,0,0,0,0,0,0
차량관련시설,주유소,Nc-oil,50105,0,1,0,0,0,0,0,0,0,0,0,0
차량관련시설,주유소,NH-OIL,50106,0,1,0,0,0,0,0,0,0,0,0,0
차량관련시설,주유소,알뜰주유소,50107,0,1,0,0,0,0,0,0,0,0,0,0
차량관련시설,주유소,기타,50108,0,0,0,0,0,0,0,0,0,0,0,0
차량관련시설,LPG충전소,0,502,0,0,2,21,LPG충전소,LPG충전소_t,21,poi_lpg_icon,poi_lpg_icon_t,21,poi_lpg_icon,poi_lpg_icon_t
차량관련시설,LPG충전소,SK_LPG,50201,0,1,0,0,0,0,0,0,0,0,0,0
차량관련시설,LPG충전소,GS_LPG,50202,0,1,0,0,0,0,0,0,0,0,0,0
차량관련시설,LPG충전소,현대_LPG,50203,0,1,0,0,0,0,0,0,0,0,0,0
차량관련시설,LPG충전소,S-OIL_LPG,50204,0,1,0,0,0,0,0,0,0,0,0,0
차량관련시설,LPG충전소,E1_LPG,50205,0,1,0,0,0,0,0,0,0,0,0,0
차량관련시설,LPG충전소,기타,50206,0,0,0,0,0,0,0,0,0,0,0,0
차량관련시설,전기차충전소,0,503,0,0,0,0,0,0,0,0,0,0,0,0
차량관련시설,전기차충전소,환경부,50301,0,1,3,0,0,0,0,0,0,27,me_ev,me_ev_t
차량관련시설,전기차충전소,한국전력,50302,0,1,3,0,0,0,0,0,0,28,kepco_ev,kepco_ev_t
차량관련시설,전기차충전소,포스코ICT,50303,0,1,3,0,0,0,0,0,0,29,poscoict_ev,poscoict_ev_t
차량관련시설,전기차충전소,KT,50304,0,1,3,0,0,0,0,0,0,42,kt_ev,kt_ev_t
차량관련시설,전기차충전소,지엔텔,50305,0,1,3,0,0,0,0,0,0,43,gntel_ev,gntel_ev_t
차량관련시설,전기차충전소,에버온,50306,0,1,3,0,0,0,0,0,0,44,everon_ev,everon_ev_t
차량관련시설,전기차충전소,인천국제공항,50307,0,1,3,0,0,0,0,0,0,45,inceon_ev,inceon_ev_t
차량관련시설,전기차충전소,한국전기차충전서비스,50308,0,1,3,0,0,0,0,0,0,30,kevcs_ev,kevcs_ev_t
차량관련시설,전기차충전소,서울시,50309,0,1,3,0,0,0,0,0,0,31,seoul_ev,seoul_ev_t
차량관련시설,전기차충전소,수원시,50310,0,1,3,0,0,0,0,0,0,32,suwon_ev,suwon_ev_t
차량관련시설,전기차충전소,제주도,50311,0,1,3,0,0,0,0,0,0,33,jeju_ev,jeju_ev_t
차량관련시설,전기차충전소,제주전기자동차서비스,50312,0,1,3,0,0,0,0,0,0,34,jeju_evservice,jeju_evservice_t
차량관련시설,전기차충전소,대구환경공단,50313,0,1,3,0,0,0,0,0,0,35,dgeic_ev,dgeic_ev_t
차량관련시설,전기차충전소,울릉군청,50314,0,1,3,0,0,0,0,0,0,46,ulleung_ev,ulleung_ev_t
차량관련시설,전기차충전소,현대자동차,50315,0,1,3,0,0,0,0,0,0,36,hyundai_ev,hyundai_ev_t
차량관련시설,전기차충전소,기아자동차,50316,0,1,3,0,0,0,0,0,0,37,kia_ev,kia_ev_t
차량관련시설,전기차충전소,쉐보레,50317,0,1,3,0,0,0,0,0,0,38,chevrolet_ev,chevrolet_ev_t
차량관련시설,전기차충전소,BMW,50318,0,1,3,0,0,0,0,0,0,39,bmw_ev,bmw_ev_t
차량관련시설,전기차충전소,테슬라,50319,0,1,3,0,0,0,0,0,0,40,tesla_ev,tesla_ev_t
차량관련시설,전기차충전소,에스트래픽,50320,0,1,3,0,0,0,0,0,0,47,straffic_ev,straffic_ev_t
차량관련시설,전기차충전소,대영채비,50321,0,1,3,0,0,0,0,0,0,48,daeyoung_ev,daeyoung_ev_t
차량관련시설,전기차충전소,기타사업자,50322,0,1,3,0,0,0,0,0,0,41,etc_ev,etc_ev_t
차량관련시설,차량정비,0,504,0,0,2,5,차량정비,차량정비_t,5,poi_car_icon,poi_car_icon_t,5,poi_car_icon,poi_car_icon_t
차량관련시설,차량정비,현대직영,50401,0,1,0,0,0,0,0,0,0,0,0,0
차량관련시설,차량정비,기아직영,50402,0,1,0,0,0,0,0,0,0,0,0,0
차량관련시설,차량정비,쉐보레직영,50403,0,1,0,0,0,0,0,0,0,0,0,0
차량관련시설,차량정비,쌍용직영,50404,0,1,0,0,0,0,0,0,0,0,0,0
차량관련시설,차량정비,삼성직영,50405,0,1,0,0,0,0,0,0,0,0,0,0
차량관련시설,차량정비,BMW직영,50406,0,1,0,0,0,0,0,0,0,0,0,0
차량관련시설,차량정비,벤츠직영,50407,0,1,0,0,0,0,0,0,0,0,0,0
차량관련시설,차량정비,토요타직영,50408,0,0,0,0,0,0,0,0,0,0,0,0
차량관련시설,차량정비,렉서스직영,50409,0,0,0,0,0,0,0,0,0,0,0,0
차량관련시설,차량정비,수입차직영,50410,0,0,0,0,0,0,0,0,0,0,0,0
차량관련시설,차량정비,현대차협력,50411,0,1,0,0,0,0,0,0,0,0,0,0
차량관련시설,차량정비,기아차협력,50412,0,1,0,0,0,0,0,0,0,0,0,0
차량관련시설,차량정비,쉐보레협력,50413,0,1,0,0,0,0,0,0,0,0,0,0
차량관련시설,차량정비,쌍용차협력,50414,0,1,0,0,0,0,0,0,0,0,0,0
차량관련시설,차량정비,삼성차협력,50415,0,1,0,0,0,0,0,0,0,0,0,0
차량관련시설,차량정비,타타대우정비,50416,0,1,0,0,0,0,0,0,0,0,0,0
차량관련시설,차량정비,스피드메이트,50417,0,1,0,0,0,0,0,0,0,0,0,0
차량관련시설,차량정비,LG오토오아시스,50418,0,1,0,0,0,0,0,0,0,0,0,0
차량관련시설,차량정비,하이카,50419,0,1,0,0,0,0,0,0,0,0,0,0
차량관련시설,차량정비,애니카,50420,0,1,0,0,0,0,0,0,0,0,0,0
차량관련시설,차량정비,매직카,50421,0,1,0,0,0,0,0,0,0,0,0,0
차량관련시설,차량정비,중한자동차서비스센터,50422,0,1,0,0,0,0,0,0,0,0,0,0
차량관련시설,차량정비,볼보서비스센터,50423,0,1,0,0,0,0,0,0,0,0,0,0
차량관련시설,차량정비,폭스바겐서비스센터,50424,0,1,0,0,0,0,0,0,0,0,0,0
차량관련시설,차량정비,볼보트럭서비스센터,50425,0,1,0,0,0,0,0,0,0,0,0,0
차량관련시설,차량정비,아우디서비스센터,50426,0,1,0,0,0,0,0,0,0,0,0,0
차량관련시설,차량정비,페라리서비스센터,50427,0,1,0,0,0,0,0,0,0,0,0,0
차량관련시설,차량정비,만트럭버스서비스센터,50428,0,1,0,0,0,0,0,0,0,0,0,0
차량관련시설,차량정비,기타,50429,0,0,0,0,0,0,0,0,0,0,0,0
차량관련시설,자동차대리점,0,505,0,0,0,0,0,0,0,0,0,0,0,0
차량관련시설,자동차대리점,현대자동차,50501,0,1,0,0,0,0,0,0,0,0,0,0
차량관련시설,자동차대리점,기아자동차,50502,0,1,0,0,0,0,0,0,0,0,0,0
차량관련시설,자동차대리점,쉐보레,50503,0,1,0,0,0,0,0,0,0,0,0,0
차량관련시설,자동차대리점,쌍용자동차,50504,0,1,0,0,0,0,0,0,0,0,0,0
차량관련시설,자동차대리점,르노삼성자동차,50505,0,1,0,0,0,0,0,0,0,0,0,0
차량관련시설,자동차대리점,타타대우상용차,50506,0,1,0,0,0,0,0,0,0,0,0,0
차량관련시설,자동차대리점,BMW,50507,0,1,0,0,0,0,0,0,0,0,0,0
차량관련시설,자동차대리점,렉서스,50508,0,0,0,0,0,0,0,0,0,0,0,0
차량관련시설,자동차대리점,혼다,50509,0,1,0,0,0,0,0,0,0,0,0,0
차량관련시설,자동차대리점,크라이슬러,50510,0,1,0,0,0,0,0,0,0,0,0,0
차량관련시설,자동차대리점,볼보,50511,0,1,0,0,0,0,0,0,0,0,0,0
차량관련시설,자동차대리점,인피니티,50512,0,1,0,0,0,0,0,0,0,0,0,0
차량관련시설,자동차대리점,토요타,50513,0,0,0,0,0,0,0,0,0,0,0,0
차량관련시설,자동차대리점,닛산,50514,0,1,0,0,0,0,0,0,0,0,0,0
차량관련시설,자동차대리점,폭스바겐,50515,0,1,0,0,0,0,0,0,0,0,0,0
차량관련시설,자동차대리점,아우디,50516,0,1,0,0,0,0,0,0,0,0,0,0
차량관련시설,자동차대리점,포드,50517,0,1,0,0,0,0,0,0,0,0,0,0
차량관련시설,자동차대리점,벤츠,50518,0,1,0,0,0,0,0,0,0,0,0,0
차량관련시설,자동차대리점,포르쉐,50519,0,1,0,0,0,0,0,0,0,0,0,0
차량관련시설,자동차대리점,재규어,50520,0,1,0,0,0,0,0,0,0,0,0,0
차량관련시설,자동차대리점,캐딜락,50521,0,1,0,0,0,0,0,0,0,0,0,0
차량관련시설,자동차대리점,푸조,50522,0,1,0,0,0,0,0,0,0,0,0,0
차량관련시설,자동차대리점,중한자동차,50523,0,1,0,0,0,0,0,0,0,0,0,0
차량관련시설,자동차대리점,볼보트럭,50524,0,1,0,0,0,0,0,0,0,0,0,0
차량관련시설,자동차대리점,페라리,50525,0,1,0,0,0,0,0,0,0,0,0,0
차량관련시설,자동차대리점,만트럭버스,50526,0,1,0,0,0,0,0,0,0,0,0,0
차량관련시설,자동차대리점,람보르기니,50527,0,1,0,0,0,0,0,0,0,0,0,0
차량관련시설,자동차대리점,기타,50528,0,0,0,0,0,0,0,0,0,0,0,0
차량관련시설,주차장,0,506,0,0,2,22,주차장,주차장_t,22,poi_park_icon,poi_park_icon_t,22,poi_park_icon,poi_park_icon_t
차량관련시설,주차장,공영주차장,50601,0,1,0,0,0,0,0,0,0,0,0,0
차량관련시설,주차장,일반주차장,50602,0,0,0,0,0,0,0,0,0,0,0,0
차량관련시설,주차장,환승주차장,50603,0,0,0,0,0,0,0,0,0,0,0,0
차량관련시설,주차장,공휴일허용주차장,50604,0,0,0,0,0,0,0,0,0,0,0,0
차량관련시설,주차장,기타,50605,0,0,0,0,0,0,0,0,0,0,0,0
차량관련시설,기타차량관련,0,507,0,0,0,0,0,0,0,0,0,0,0,0
차량관련시설,기타차량관련,세차장,50701,0,0,0,0,0,0,0,0,0,0,0,0
차량관련시설,기타차량관련,중고차매매,50702,0,0,0,0,0,0,0,0,0,0,0,0
차량관련시설,기타차량관련,자동차검사소,50703,0,0,0,0,0,0,0,0,0,0,0,0
차량관련시설,기타차량관련,견인차량보관소,50704,0,0,0,0,0,0,0,0,0,0,0,0
차량관련시설,기타차량관련,자동차용품점,50705,0,0,0,0,0,0,0,0,0,0,0,0
차량관련시설,기타차량관련,렌터카,50706,0,0,0,0,0,0,0,0,0,0,0,0
차량관련시설,기타차량관련,폐차장,50707,0,0,0,0,0,0,0,0,0,0,0,0
차량관련시설,기타차량관련,CNG충전소,50708,0,0,0,0,0,0,0,0,0,0,0,0
차량관련시설,기타차량관련,유록스,50709,0,0,0,0,0,0,0,0,0,0,0,0
차량관련시설,기타차량관련,만도프라자,50710,0,1,0,0,0,0,0,0,0,0,0,0
차량관련시설,기타차량관련,T스테이션,50711,0,1,0,0,0,0,0,0,0,0,0,0
차량관련시설,기타차량관련,타이어뱅크,50712,0,1,0,0,0,0,0,0,0,0,0,0
차량관련시설,기타차량관련,기타,50713,0,0,0,0,0,0,0,0,0,0,0,0
차량관련시설,수소차충전소,0,508,0,0,0,0,0,0,0,0,0,0,0,0
차량관련시설,수소차충전소,환경부,50801,0,1,0,0,0,0,0,0,0,0,0,0
차량관련시설,수소차충전소,현대기아,50802,0,1,0,0,0,0,0,0,0,0,0,0
차량관련시설,수소차충전소,기타,50803,0,1,0,0,0,0,0,0,0,0,0,0
공공기관,0,0,6,0,0,1,6,공공기관,공공기관_t,6,poi_public_icon,poi_public_icon_t,6,poi_public_icon,poi_public_icon_t
공공기관,지방자치,0,601,0,0,0,0,0,0,0,0,0,0,0,0
공공기관,지방자치,특별광역시청,60101,0,0,0,0,0,0,0,0,0,0,0,0
공공기관,지방자치,도청,60102,0,0,0,0,0,0,0,0,0,0,0,0
공공기관,지방자치,일반시청,60103,0,0,0,0,0,0,0,0,0,0,0,0
공공기관,지방자치,군청,60104,0,0,0,0,0,0,0,0,0,0,0,0
공공기관,지방자치,구청,60105,0,0,0,0,0,0,0,0,0,0,0,0
공공기관,지방자치,읍사무소,60106,0,0,0,0,0,0,0,0,0,0,0,0
공공기관,지방자치,면사무소,60107,0,0,0,0,0,0,0,0,0,0,0,0
공공기관,지방자치,주민센터,60108,0,0,0,0,0,0,0,0,0,0,0,0
공공기관,지방자치,리사무소,60109,0,0,0,0,0,0,0,0,0,0,0,0
공공기관,지방자치,시의회,60110,0,0,0,0,0,0,0,0,0,0,0,0
공공기관,정부조직,0,602,0,0,0,0,0,0,0,0,0,0,0,0
공공기관,정부조직,기획재정부,60201,0,0,0,0,0,0,0,0,0,0,0,0
공공기관,정부조직,교육부,60202,0,0,0,0,0,0,0,0,0,0,0,0
공공기관,정부조직,외교부,60203,0,0,0,0,0,0,0,0,0,0,0,0
공공기관,정부조직,통일부,60204,0,0,0,0,0,0,0,0,0,0,0,0
공공기관,정부조직,법무부,60205,0,0,0,0,0,0,0,0,0,0,0,0
공공기관,정부조직,국방부,60206,0,0,0,0,0,0,0,0,0,0,0,0
공공기관,정부조직,행정자치부,60207,0,0,0,0,0,0,0,0,0,0,0,0
공공기관,정부조직,문화체육관광부,60208,0,0,0,0,0,0,0,0,0,0,0,0
공공기관,정부조직,농림축산식품부,60209,0,0,0,0,0,0,0,0,0,0,0,0
공공기관,정부조직,산업통상자원부,60210,0,0,0,0,0,0,0,0,0,0,0,0
공공기관,정부조직,보건복지부,60211,0,0,0,0,0,0,0,0,0,0,0,0
공공기관,정부조직,환경부,60212,0,0,0,0,0,0,0,0,0,0,0,0
공공기관,정부조직,고용노동부,60213,0,0,0,0,0,0,0,0,0,0,0,0
공공기관,정부조직,여성가족부,60214,0,0,0,0,0,0,0,0,0,0,0,0
공공기관,정부조직,국토교통부,60215,0,0,0,0,0,0,0,0,0,0,0,0
공공기관,정부조직,미래창조과학부,60216,0,0,0,0,0,0,0,0,0,0,0,0
공공기관,정부조직,해양수산부,60217,0,0,0,0,0,0,0,0,0,0,0,0
공공기관,정부조직,5처,60218,0,0,0,0,0,0,0,0,0,0,0,0
공공기관,정부조직,2원4위원회,60219,0,0,0,0,0,0,0,0,0,0,0,0
공공기관,법원/검찰,0,603,0,0,0,0,0,0,0,0,0,0,0,0
공공기관,법원/검찰,법원,60301,0,0,0,0,0,0,0,0,0,0,0,0
공공기관,법원/검찰,검찰청,60302,0,0,0,0,0,0,0,0,0,0,0,0
공공기관,법원/검찰,등기소,60303,0,0,0,0,0,0,0,0,0,0,0,0
공공기관,경찰/소방,0,604,0,0,0,0,0,0,0,0,0,0,0,0
공공기관,경찰/소방,경찰청,60401,0,0,0,0,0,0,0,0,0,0,0,0
공공기관,경찰/소방,경찰서,60402,0,0,0,0,0,0,0,0,0,0,0,0
공공기관,경찰/소방,파출소/지구대/치안센터,60403,0,0,0,0,0,0,0,0,0,0,0,0
공공기관,경찰/소방,소방서,60404,0,0,0,0,0,0,0,0,0,0,0,0
공공기관,경찰/소방,소방파출소/119안전센터,60405,0,0,0,0,0,0,0,0,0,0,0,0
공공기관,우체국,0,605,0,0,0,0,0,0,0,0,0,0,0,0
공공기관,우체국,우편집중국,60501,0,0,0,0,0,0,0,0,0,0,0,0
공공기관,우체국,일반우체국,60502,0,0,0,0,0,0,0,0,0,0,0,0
공공기관,우체국,우편취급소,60503,0,0,0,0,0,0,0,0,0,0,0,0
공공기관,공단,0,606,0,0,0,0,0,0,0,0,0,0,0,0
공공기관,공단,국민건강보험공단,60601,0,1,0,0,0,0,0,0,0,0,0,0
공공기관,공단,국민연금공단,60602,0,1,0,0,0,0,0,0,0,0,0,0
공공기관,공단,기타,60603,0,0,0,0,0,0,0,0,0,0,0,0
공공기관,기타공공기관,0,607,0,0,0,0,0,0,0,0,0,0,0,0
공공기관,기타공공기관,세무서,60701,0,0,0,0,0,0,0,0,0,0,0,0
공공기관,기타공공기관,면허시험장,60702,0,0,0,0,0,0,0,0,0,0,0,0
공공기관,기타공공기관,대사관/영사관,60703,0,0,0,0,0,0,0,0,0,0,0,0
공공기관,기타공공기관,예비군훈련장,60704,0,0,0,0,0,0,0,0,0,0,0,0
공공기관,기타공공기관,보건소,60705,0,0,0,0,0,0,0,0,0,0,0,0
공공기관,기타공공기관,마을회관/노인정,60706,0,0,0,0,0,0,0,0,0,0,0,0
공공기관,기타공공기관,구민/시민회관,60707,0,0,0,0,0,0,0,0,0,0,0,0
공공기관,기타공공기관,복지문화센터,60708,0,0,0,0,0,0,0,0,0,0,0,0
공공기관,기타공공기관,도서관,60709,0,0,0,0,0,0,0,0,0,0,0,0
공공기관,기타공공기관,문화원,60710,0,0,0,0,0,0,0,0,0,0,0,0
공공기관,기타공공기관,기타,60711,0,0,0,0,0,0,0,0,0,0,0,0
병원/약국,0,0,7,0,0,1,7,병원의원,병원의원_t,7,poi_hospital_icon,poi_hospital_icon_t,7,poi_hospital_icon,poi_hospital_icon_t
병원/약국,병원/의원,0,701,0,0,2,7,병원의원,병원의원_t,7,poi_hospital_icon,poi_hospital_icon_t,7,poi_hospital_icon,poi_hospital_icon_t
병원/약국,병원/의원,종합병원,70101,0,0,0,0,0,0,0,0,0,0,0,0
병원/약국,병원/의원,한방종합병원,70102,0,0,0,0,0,0,0,0,0,0,0,0
병원/약국,병원/의원,일반병원,70103,0,0,0,0,0,0,0,0,0,0,0,0
병원/약국,병원/의원,한방일반병원,70104,0,0,0,0,0,0,0,0,0,0,0,0
병원/약국,병원/의원,내과/소아과/가정의학과,70105,0,0,0,0,0,0,0,0,0,0,0,0
병원/약국,병원/의원,치과,70106,0,0,0,0,0,0,0,0,0,0,0,0
병원/약국,병원/의원,성형외과,70107,0,0,0,0,0,0,0,0,0,0,0,0
병원/약국,병원/의원,피부과,70108,0,0,0,0,0,0,0,0,0,0,0,0
병원/약국,병원/의원,안과,70109,0,0,0,0,0,0,0,0,0,0,0,0
병원/약국,병원/의원,정형외과,70110,0,0,0,0,0,0,0,0,0,0,0,0
병원/약국,병원/의원,외과/흉부외과/신경외과,70111,0,0,0,0,0,0,0,0,0,0,0,0
병원/약국,병원/의원,재활의학과,70112,0,0,0,0,0,0,0,0,0,0,0,0
병원/약국,병원/의원,산부인과,70113,0,0,0,0,0,0,0,0,0,0,0,0
병원/약국,병원/의원,이비인후과,70114,0,0,0,0,0,0,0,0,0,0,0,0
병원/약국,병원/의원,비뇨기과,70115,0,0,0,0,0,0,0,0,0,0,0,0
병원/약국,병원/의원,정신과/신경정신과,70116,0,0,0,0,0,0,0,0,0,0,0,0
병원/약국,병원/의원,한의원,70117,0,0,0,0,0,0,0,0,0,0,0,0
병원/약국,병원/의원,기타,70118,0,0,0,0,0,0,0,0,0,0,0,0
병원/약국,약국,0,702,0,0,2,23,약국,약국_t,23,poi_pharmacy_icon,poi_pharmacy_icon_t,23,poi_pharmacy_icon,poi_pharmacy_icon_t
병원/약국,약국,일반약국,70201,0,0,0,0,0,0,0,0,0,0,0,0
병원/약국,약국,온누리약국,70202,0,0,0,0,0,0,0,0,0,0,0,0
병원/약국,약국,메디팜약국,70203,0,0,0,0,0,0,0,0,0,0,0,0
병원/약국,약국,옵티마약국,70204,0,0,0,0,0,0,0,0,0,0,0,0
병원/약국,약국,한약국/한약방,70205,0,0,0,0,0,0,0,0,0,0,0,0
병원/약국,기타의료,0,703,0,0,0,0,0,0,0,0,0,0,0,0
병원/약국,기타의료,요양원,70301,0,0,0,0,0,0,0,0,0,0,0,0
병원/약국,기타의료,동물병원,70302,0,0,0,0,0,0,0,0,0,0,0,0
병원/약국,기타의료,산후조리원,70303,0,0,0,0,0,0,0,0,0,0,0,0
병원/약국,기타의료,건강검진센터,70304,0,0,0,0,0,0,0,0,0,0,0,0
병원/약국,기타의료,전문클리닉,70305,0,0,0,0,0,0,0,0,0,0,0,0
병원/약국,기타의료,기타,70306,0,0,0,0,0,0,0,0,0,0,0,0
교통시설,0,0,8,0,0,1,8,교통시설,교통시설_t,8,poi_traffic_icon,poi_traffic_icon_t,8,poi_traffic_icon,poi_traffic_icon_t
교통시설,공항,0,801,0,0,0,0,0,0,0,0,0,0,0,0
교통시설,공항,국제공항,80101,0,0,0,0,0,0,0,0,0,0,0,0
교통시설,공항,국내공항,80102,0,0,0,0,0,0,0,0,0,0,0,0
교통시설,공항,공항터미널,80103,0,0,0,0,0,0,0,0,0,0,0,0
교통시설,철도역,0,802,0,0,0,0,0,0,0,0,0,0,0,0
교통시설,철도역,KTX역,80201,0,0,0,0,0,0,0,0,0,0,0,0
교통시설,철도역,SRT역,80202,0,0,0,0,0,0,0,0,0,0,0,0
교통시설,철도역,일반철도역,80203,0,0,0,0,0,0,0,0,0,0,0,0
교통시설,지하철역,0,803,0,0,2,24,지하철,지하철_t,24,poi_subway_icon,poi_subway_icon_t,24,poi_subway_icon,poi_subway_icon_t
교통시설,지하철역,지하철차량기지,80301,0,0,0,0,0,0,0,0,0,0,0,0
교통시설,지하철역,서울1호선,80302,0,0,0,0,0,0,0,0,0,0,0,0
교통시설,지하철역,서울2호선,80303,0,0,0,0,0,0,0,0,0,0,0,0
교통시설,지하철역,서울3호선,80304,0,0,0,0,0,0,0,0,0,0,0,0
교통시설,지하철역,서울4호선,80305,0,0,0,0,0,0,0,0,0,0,0,0
교통시설,지하철역,서울5호선,80306,0,0,0,0,0,0,0,0,0,0,0,0
교통시설,지하철역,서울6호선,80307,0,0,0,0,0,0,0,0,0,0,0,0
교통시설,지하철역,서울7호선,80308,0,0,0,0,0,0,0,0,0,0,0,0
교통시설,지하철역,서울8호선,80309,0,0,0,0,0,0,0,0,0,0,0,0
교통시설,지하철역,서울9호선,80310,0,0,0,0,0,0,0,0,0,0,0,0
교통시설,지하철역,경의중앙선,80311,0,0,0,0,0,0,0,0,0,0,0,0
교통시설,지하철역,수인분당선,80312,0,0,0,0,0,0,0,0,0,0,0,0
교통시설,지하철역,경원선,80313,0,0,0,0,0,0,0,0,0,0,0,0
교통시설,지하철역,인천1호선,80314,0,0,0,0,0,0,0,0,0,0,0,0
교통시설,지하철역,인천2호선,80315,0,0,0,0,0,0,0,0,0,0,0,0
교통시설,지하철역,부산1호선,80316,0,0,0,0,0,0,0,0,0,0,0,0
교통시설,지하철역,부산2호선,80317,0,0,0,0,0,0,0,0,0,0,0,0
교통시설,지하철역,부산3호선,80318,0,0,0,0,0,0,0,0,0,0,0,0
교통시설,지하철역,부산4호선,80319,0,0,0,0,0,0,0,0,0,0,0,0
교통시설,지하철역,대구1호선,80320,0,0,0,0,0,0,0,0,0,0,0,0
교통시설,지하철역,대구2호선,80321,0,0,0,0,0,0,0,0,0,0,0,0
교통시설,지하철역,대구3호선,80322,0,0,0,0,0,0,0,0,0,0,0,0
교통시설,지하철역,광주1호선,80323,0,0,0,0,0,0,0,0,0,0,0,0
교통시설,지하철역,대전1호선,80324,0,0,0,0,0,0,0,0,0,0,0,0
교통시설,지하철역,공항철도,80325,0,0,0,0,0,0,0,0,0,0,0,0
교통시설,지하철역,경춘선,80326,0,0,0,0,0,0,0,0,0,0,0,0
교통시설,지하철역,신분당선,80327,0,0,0,0,0,0,0,0,0,0,0,0
교통시설,지하철역,경강선,80329,0,0,0,0,0,0,0,0,0,0,0,0
교통시설,지하철역,동해선,80330,0,0,0,0,0,0,0,0,0,0,0,0
교통시설,지하철역,서해선(소사-원시),80331,0,0,0,0,0,0,0,0,0,0,0,0
교통시설,경전철,0,804,0,0,2,25,경전철,경전철_t,25,poi_subway_icon2,poi_subway_icon2_t,25,poi_subway_icon2,poi_subway_icon2_t
교통시설,경전철,의정부경전철,80401,0,0,0,0,0,0,0,0,0,0,0,0
교통시설,경전철,에버라인(용인경전철),80402,0,0,0,0,0,0,0,0,0,0,0,0
교통시설,경전철,부산김해경전철,80403,0,0,0,0,0,0,0,0,0,0,0,0
교통시설,경전철,우이신설선,80404,0,0,0,0,0,0,0,0,0,0,0,0
교통시설,경전철,김포도시철도,80405,0,0,0,0,0,0,0,0,0,0,0,0
교통시설,경전철,인천자기부상철도,80406,0,0,0,0,0,0,0,0,0,0,0,0
교통시설,터미널,0,805,0,0,0,0,0,0,0,0,0,0,0,0
교통시설,터미널,도심공항터미널,80501,0,0,0,0,0,0,0,0,0,0,0,0
교통시설,터미널,고속버스터미널,80502,0,0,0,0,0,0,0,0,0,0,0,0
교통시설,터미널,시외버스터미널,80503,0,0,0,0,0,0,0,0,0,0,0,0
교통시설,터미널,국제여객터미널,80504,0,0,0,0,0,0,0,0,0,0,0,0
교통시설,터미널,일반여객터미널,80505,0,0,0,0,0,0,0,0,0,0,0,0
교통시설,터미널,화물/기타터미널,80506,0,0,0,0,0,0,0,0,0,0,0,0
교통시설,항구/페리,0,806,0,0,0,0,0,0,0,0,0,0,0,0
교통시설,항구/페리,주요항구,80601,0,0,0,0,0,0,0,0,0,0,0,0
교통시설,항구/페리,일반항구,80602,0,0,0,0,0,0,0,0,0,0,0,0
교통시설,항구/페리,선착장/나루터,80603,0,0,0,0,0,0,0,0,0,0,0,0
교통시설,IC/JC/TG,0,807,0,0,0,0,0,0,0,0,0,0,0,0
교통시설,IC/JC/TG,JC,80701,0,0,0,0,0,0,0,0,0,0,0,0
교통시설,IC/JC/TG,IC,80702,0,0,0,0,0,0,0,0,0,0,0,0
교통시설,IC/JC/TG,TG,80703,0,0,0,0,0,0,0,0,0,0,0,0
교통시설,휴게소,0,808,0,0,0,0,0,0,0,0,0,0,0,0
교통시설,휴게소,고속도로휴게소,80801,0,1,0,0,0,0,0,0,0,0,0,0
교통시설,휴게소,국도/지방도휴게소,80802,0,0,0,0,0,0,0,0,0,0,0,0
교통시설,휴게소,고속도로졸음쉼터,80803,0,0,0,0,0,0,0,0,0,0,0,0
교통시설,도로시설,0,809,0,0,0,0,0,0,0,0,0,0,0,0
교통시설,도로시설,교차로명,80901,0,0,0,0,0,0,0,0,0,0,0,0
교통시설,도로시설,교량,80902,0,0,0,0,0,0,0,0,0,0,0,0
교통시설,도로시설,터널,80903,0,0,0,0,0,0,0,0,0,0,0,0
교통시설,도로시설,고가차도,80904,0,0,0,0,0,0,0,0,0,0,0,0
교통시설,도로시설,지하차도,80905,0,0,0,0,0,0,0,0,0,0,0,0
교통시설,도로시설,요금소,80906,0,0,0,0,0,0,0,0,0,0,0,0
교통시설,도로시설,버스정류장,80907,0,1,0,0,0,0,0,0,0,0,0,0
교통시설,도로시설,졸음쉼터,80908,0,0,0,0,0,0,0,0,0,0,0,0
교통시설,기타교통시설,0,810,0,0,0,0,0,0,0,0,0,0,0,0
교통시설,기타교통시설,N,81000,0,0,0,0,0,0,0,0,0,0,0,0
문화시설,0,0,9,0,0,1,9,문화시설,문화시설_t,9,poi_culture_icon,poi_culture_icon_t,9,poi_culture_icon,poi_culture_icon_t
문화시설,박물관/미술관/전시장,0,901,0,0,0,0,0,0,0,0,0,0,0,0
문화시설,박물관/미술관/전시장,박물관,90101,0,0,0,0,0,0,0,0,0,0,0,0
문화시설,박물관/미술관/전시장,미술관,90102,0,0,0,0,0,0,0,0,0,0,0,0
문화시설,박물관/미술관/전시장,전시관/기념관,90103,0,0,0,0,0,0,0,0,0,0,0,0
문화시설,박물관/미술관/전시장,전시장,90104,0,0,0,0,0,0,0,0,0,0,0,0
문화시설,극장/공연장,0,902,0,0,0,0,0,0,0,0,0,0,0,0
문화시설,극장/공연장,CGV,90201,0,1,0,0,0,0,0,0,0,0,0,0
문화시설,극장/공연장,롯데시네마,90202,0,1,0,0,0,0,0,0,0,0,0,0
문화시설,극장/공연장,메가박스,90203,0,1,0,0,0,0,0,0,0,0,0,0
문화시설,극장/공연장,일반영화관,90204,1,0,0,0,0,0,0,0,0,0,0,0
문화시설,극장/공연장,자동차극장,90205,1,0,0,0,0,0,0,0,0,0,0,0
문화시설,극장/공연장,대형공연장,90206,1,0,0,0,0,0,0,0,0,0,0,0
문화시설,극장/공연장,공연/연극/문화센터,90207,1,0,0,0,0,0,0,0,0,0,0,0
문화시설,극장/공연장,기타,90208,0,0,0,0,0,0,0,0,0,0,0,0
종교/예식시설,0,0,10,0,0,1,10,종교예식,종교예식_t,10,poi_religion_icon,poi_religion_icon_t,10,poi_religion_icon,poi_religion_icon_t
종교/예식시설,종교,0,1001,0,0,0,0,0,0,0,0,0,0,0,0
종교/예식시설,종교,절/사찰,100101,0,0,0,0,0,0,0,0,0,0,0,0
종교/예식시설,종교,교회,100102,0,0,0,0,0,0,0,0,0,0,0,0
종교/예식시설,종교,성당,100103,0,0,0,0,0,0,0,0,0,0,0,0
종교/예식시설,예식/장례식장,0,1002,0,0,0,0,0,0,0,0,0,0,0,0
종교/예식시설,예식/장례식장,결혼식장,100201,0,0,0,0,0,0,0,0,0,0,0,0
종교/예식시설,예식/장례식장,장례식장,100202,0,0,0,0,0,0,0,0,0,0,0,0
종교/예식시설,묘지/화장장,0,1003,0,0,0,0,0,0,0,0,0,0,0,0
종교/예식시설,묘지/화장장,공원묘지,100301,0,0,0,0,0,0,0,0,0,0,0,0
종교/예식시설,묘지/화장장,화장장,100302,0,0,0,0,0,0,0,0,0,0,0,0
종교/예식시설,묘지/화장장,장의사,100303,0,0,0,0,0,0,0,0,0,0,0,0
종교/예식시설,기타종교/예식시설,0,1004,0,0,0,0,0,0,0,0,0,0,0,0
종교/예식시설,기타종교/예식시설,N,100400,0,0,0,0,0,0,0,0,0,0,0,0
교육기관,0,0,11,0,0,1,11,교육,교육_t,11,poi_education_icon,poi_education_icon_t,11,poi_education_icon,poi_education_icon_t
교육기관,초/중/고등학교,0,1101,0,0,0,0,0,0,0,0,0,0,0,0
교육기관,초/중/고등학교,초등학교,110101,0,0,0,0,0,0,0,0,0,0,0,0
교육기관,초/중/고등학교,중학교,110102,0,0,0,0,0,0,0,0,0,0,0,0
교육기관,초/중/고등학교,고등학교,110103,0,0,0,0,0,0,0,0,0,0,0,0
교육기관,초/중/고등학교,유치원,110104,0,0,0,0,0,0,0,0,0,0,0,0
교육기관,초/중/고등학교,어린이집,110105,0,0,0,0,0,0,0,0,0,0,0,0
교육기관,대학/대학교,0,1102,0,0,0,0,0,0,0,0,0,0,0,0
교육기관,대학/대학교,대학교,110201,0,0,0,0,0,0,0,0,0,0,0,0
교육기관,대학/대학교,대학,110202,0,0,0,0,0,0,0,0,0,0,0,0
교육기관,대학/대학교,대학원,110203,0,0,0,0,0,0,0,0,0,0,0,0
교육기관,대학/대학교,한국방송통신대,110204,0,0,0,0,0,0,0,0,0,0,0,0
교육기관,대학/대학교,대학부속기관,110205,0,0,0,0,0,0,0,0,0,0,0,0
교육기관,외국/특수학교,0,1103,0,0,0,0,0,0,0,0,0,0,0,0
교육기관,외국/특수학교,특수학교,110301,0,0,0,0,0,0,0,0,0,0,0,0
교육기관,외국/특수학교,외국인학교,110302,0,0,0,0,0,0,0,0,0,0,0,0
교육기관,외국/특수학교,직업훈련학교,110303,0,0,0,0,0,0,0,0,0,0,0,0
교육기관,학원,0,1104,0,0,0,0,0,0,0,0,0,0,0,0
교육기관,학원,외국어학원,110401,0,0,0,0,0,0,0,0,0,0,0,0
교육기관,학원,입시학원,110402,0,0,0,0,0,0,0,0,0,0,0,0
교육기관,학원,자동차운전학원,110403,0,0,0,0,0,0,0,0,0,0,0,0
교육기관,학원,전문자격학원,110404,0,0,0,0,0,0,0,0,0,0,0,0
교육기관,학원,국가고시학원,110405,0,0,0,0,0,0,0,0,0,0,0,0
교육기관,학원,음악/미술학원,110406,0,0,0,0,0,0,0,0,0,0,0,0
교육기관,학원,컴퓨터학원,110407,0,0,0,0,0,0,0,0,0,0,0,0
교육기관,학원,태권도장,110408,0,0,0,0,0,0,0,0,0,0,0,0
교육기관,학원,스포츠학원,110409,0,0,0,0,0,0,0,0,0,0,0,0
교육기관,학원,취미학원,110410,0,0,0,0,0,0,0,0,0,0,0,0
교육기관,학원,일반학원,110411,0,0,0,0,0,0,0,0,0,0,0,0
교육기관,기타교육기관,0,1105,0,0,0,0,0,0,0,0,0,0,0,0
교육기관,기타교육기관,N,110500,0,0,0,0,0,0,0,0,0,0,0,0
금융기관,0,0,12,0,0,1,12,은행,은행_t,12,poi_bank_icon,poi_bank_icon_t,12,poi_bank_icon,poi_bank_icon_t
금융기관,은행,0,1201,0,0,2,12,은행,은행_t,12,poi_bank_icon,poi_bank_icon_t,12,poi_bank_icon,poi_bank_icon_t
금융기관,은행,국민은행,120101,0,1,0,0,0,0,0,0,0,0,0,0
금융기관,은행,우리은행,120102,0,1,0,0,0,0,0,0,0,0,0,0
금융기관,은행,신한은행,120103,0,1,0,0,0,0,0,0,0,0,0,0
금융기관,은행,KEB하나은행,120104,0,1,0,0,0,0,0,0,0,0,0,0
금융기관,은행,기업은행,120105,0,1,0,0,0,0,0,0,0,0,0,0
금융기관,은행,스탠다드차타드은행,120106,0,1,0,0,0,0,0,0,0,0,0,0
금융기관,은행,한국씨티은행,120107,0,1,0,0,0,0,0,0,0,0,0,0
금융기관,은행,KDB산업은행,120108,0,1,0,0,0,0,0,0,0,0,0,0
금융기관,은행,농협(은행),120109,0,1,0,0,0,0,0,0,0,0,0,0
금융기관,은행,수협,120110,0,1,0,0,0,0,0,0,0,0,0,0
금융기관,은행,한국은행,120111,0,1,0,0,0,0,0,0,0,0,0,0
금융기관,은행,한국수출입은행,120112,0,1,0,0,0,0,0,0,0,0,0,0
금융기관,은행,부산은행,120113,0,1,0,0,0,0,0,0,0,0,0,0
금융기관,은행,대구은행,120114,0,1,0,0,0,0,0,0,0,0,0,0
금융기관,은행,경남은행,120115,0,1,0,0,0,0,0,0,0,0,0,0
금융기관,은행,광주은행,120116,0,1,0,0,0,0,0,0,0,0,0,0
금융기관,은행,전북은행,120117,0,1,0,0,0,0,0,0,0,0,0,0
금융기관,은행,제주은행,120118,0,1,0,0,0,0,0,0,0,0,0,0
금융기관,은행,HSBC,120119,0,1,0,0,0,0,0,0,0,0,0,0
금융기관,은행,외국은행,120120,0,0,0,0,0,0,0,0,0,0,0,0
금융기관,제2금융,0,1202,0,0,0,0,0,0,0,0,0,0,0,0
금융기관,제2금융,새마을금고,120201,0,1,0,0,0,0,0,0,0,0,0,0
금융기관,제2금융,상호저축은행,120202,0,1,0,0,0,0,0,0,0,0,0,0
금융기관,제2금융,신용협동조합,120203,0,1,0,0,0,0,0,0,0,0,0,0
금융기관,증권회사,0,1203,0,0,0,0,0,0,0,0,0,0,0,0
금융기관,증권회사,삼성증권,120301,0,1,0,0,0,0,0,0,0,0,0,0
금융기관,증권회사,현대증권,120302,0,1,0,0,0,0,0,0,0,0,0,0
금융기관,증권회사,대신증권,120303,0,1,0,0,0,0,0,0,0,0,0,0
금융기관,증권회사,하나금융투자,120304,0,0,0,0,0,0,0,0,0,0,0,0
금융기관,증권회사,한국투자증권,120305,0,1,0,0,0,0,0,0,0,0,0,0
금융기관,증권회사,유안타증권,120306,0,1,0,0,0,0,0,0,0,0,0,0
금융기관,증권회사,미래에셋증권,120307,0,1,0,0,0,0,0,0,0,0,0,0
금융기관,증권회사,교보증권,120308,0,1,0,0,0,0,0,0,0,0,0,0
금융기관,증권회사,신한금융투자,120309,0,0,0,0,0,0,0,0,0,0,0,0
금융기관,증권회사,SK증권,120310,0,1,0,0,0,0,0,0,0,0,0,0
금융기관,증권회사,우리투자증권,120311,0,1,0,0,0,0,0,0,0,0,0,0
금융기관,증권회사,KDB대우증권,120312,0,1,0,0,0,0,0,0,0,0,0,0
금융기관,증권회사,아이엠투자증권,120313,0,0,0,0,0,0,0,0,0,0,0,0
금융기관,증권회사,기타,120314,0,0,0,0,0,0,0,0,0,0,0,0
금융기관,생명보험사,0,1204,0,0,0,0,0,0,0,0,0,0,0,0
금융기관,생명보험사,삼성생명,120401,0,1,0,0,0,0,0,0,0,0,0,0
금융기관,생명보험사,교보생명,120402,0,1,0,0,0,0,0,0,0,0,0,0
금융기관,생명보험사,한화생명,120403,0,1,0,0,0,0,0,0,0,0,0,0
금융기관,생명보험사,DGB생명,120404,0,0,0,0,0,0,0,0,0,0,0,0
금융기관,생명보험사,동양생명,120405,0,1,0,0,0,0,0,0,0,0,0,0
금융기관,생명보험사,ABL생명,120406,0,1,0,0,0,0,0,0,0,0,0,0
금융기관,생명보험사,ING생명,120407,0,1,0,0,0,0,0,0,0,0,0,0
금융기관,생명보험사,AIA생명,120408,0,1,0,0,0,0,0,0,0,0,0,0
금융기관,생명보험사,미래에셋생명,120409,0,1,0,0,0,0,0,0,0,0,0,0
금융기관,생명보험사,흥국생명,120410,0,1,0,0,0,0,0,0,0,0,0,0
금융기관,생명보험사,동부생명,120411,0,1,0,0,0,0,0,0,0,0,0,0
금융기관,생명보험사,KDB생명,120412,0,1,0,0,0,0,0,0,0,0,0,0
금융기관,생명보험사,신한생명,120413,0,1,0,0,0,0,0,0,0,0,0,0
금융기관,생명보험사,메트라이프생명,120414,0,1,0,0,0,0,0,0,0,0,0,0
금융기관,생명보험사,기타,120415,0,0,0,0,0,0,0,0,0,0,0,0
금융기관,화재보험,0,1205,0,0,0,0,0,0,0,0,0,0,0,0
금융기관,화재보험,KB손해보험,120501,0,0,0,0,0,0,0,0,0,0,0,0
금융기관,화재보험,현대해상,120502,0,1,0,0,0,0,0,0,0,0,0,0
금융기관,화재보험,교보AXA자동차보험,120503,0,0,0,0,0,0,0,0,0,0,0,0
금융기관,화재보험,삼성화재,120504,0,1,0,0,0,0,0,0,0,0,0,0
금융기관,화재보험,동부화재,120505,0,1,0,0,0,0,0,0,0,0,0,0
금융기관,화재보험,롯데보험,120506,0,1,0,0,0,0,0,0,0,0,0,0
금융기관,화재보험,한화손해보험,120507,0,1,0,0,0,0,0,0,0,0,0,0
금융기관,화재보험,메리츠화재,120508,0,1,0,0,0,0,0,0,0,0,0,0
금융기관,화재보험,그린손해보험,120509,0,1,0,0,0,0,0,0,0,0,0,0
금융기관,화재보험,흥국화재,120510,0,0,0,0,0,0,0,0,0,0,0,0
금융기관,화재보험,차티스,120511,0,0,0,0,0,0,0,0,0,0,0,0
금융기관,화재보험,기타,120512,0,0,0,0,0,0,0,0,0,0,0,0
금융기관,신용카드,0,1206,0,0,0,0,0,0,0,0,0,0,0,0
금융기관,신용카드,삼성카드,120601,0,1,0,0,0,0,0,0,0,0,0,0
금융기관,신용카드,신한카드,120602,0,1,0,0,0,0,0,0,0,0,0,0
금융기관,신용카드,비씨카드,120603,0,1,0,0,0,0,0,0,0,0,0,0
금융기관,신용카드,현대카드,120604,0,1,0,0,0,0,0,0,0,0,0,0
금융기관,신용카드,기타,120605,0,0,0,0,0,0,0,0,0,0,0,0
금융기관,ATM,0,1207,0,0,2,26,ATM,ATM_t,26,poi_atm_icon,poi_atm_icon_t,26,poi_atm_icon,poi_atm_icon_t
금융기관,ATM,ATM기업은행,120701,0,0,0,0,0,0,0,0,0,0,0,0
금융기관,ATM,ATM새마을금고,120702,0,0,0,0,0,0,0,0,0,0,0,0
금융기관,ATM,ATM국민은행,120703,0,0,0,0,0,0,0,0,0,0,0,0
금융기관,ATM,ATM농협,120704,0,0,0,0,0,0,0,0,0,0,0,0
금융기관,ATM,ATM신한은행,120705,0,0,0,0,0,0,0,0,0,0,0,0
금융기관,ATM,ATM우리은행,120706,0,0,0,0,0,0,0,0,0,0,0,0
금융기관,ATM,ATM하나은행,120707,0,0,0,0,0,0,0,0,0,0,0,0
금융기관,ATM,ATM신협,120708,0,0,0,0,0,0,0,0,0,0,0,0
금융기관,ATM,ATM우체국,120709,0,0,0,0,0,0,0,0,0,0,0,0
금융기관,ATM,ATM스탠다드차타드은행,120710,0,0,0,0,0,0,0,0,0,0,0,0
금융기관,ATM,ATM대구은행,120711,0,0,0,0,0,0,0,0,0,0,0,0
금융기관,ATM,ATM수협,120712,0,0,0,0,0,0,0,0,0,0,0,0
금융기관,ATM,ATM부산은행,120713,0,0,0,0,0,0,0,0,0,0,0,0
금융기관,ATM,ATM경남은행,120714,0,0,0,0,0,0,0,0,0,0,0,0
금융기관,ATM,ATM한국씨티은행,120715,0,0,0,0,0,0,0,0,0,0,0,0
금융기관,ATM,ATM광주은행,120716,0,0,0,0,0,0,0,0,0,0,0,0
금융기관,ATM,ATM전북은행,120717,0,0,0,0,0,0,0,0,0,0,0,0
금융기관,ATM,ATM제주은행,120718,0,0,0,0,0,0,0,0,0,0,0,0
금융기관,ATM,ATM기타,120719,0,0,0,0,0,0,0,0,0,0,0,0
금융기관,기타금융기관,0,1208,0,0,0,0,0,0,0,0,0,0,0,0
금융기관,기타금융기관,N,120800,0,0,0,0,0,0,0,0,0,0,0,0
주거,0,0,13,0,0,1,13,주거,주거_t,13,poi_home_icon,poi_home_icon_t,13,poi_home_icon,poi_home_icon_t
주거,아파트/오피스텔,0,1301,0,0,0,0,0,0,0,0,0,0,0,0
주거,아파트/오피스텔,주상복합,130101,0,0,0,0,0,0,0,0,0,0,0,0
주거,아파트/오피스텔,아파트,130102,0,0,0,0,0,0,0,0,0,0,0,0
주거,아파트/오피스텔,오피스텔,130103,0,0,0,0,0,0,0,0,0,0,0,0
주거,아파트/오피스텔,연립/빌라,130104,0,0,0,0,0,0,0,0,0,0,0,0
기업/전문서비스,0,0,14,0,0,1,14,기업,기업_t,14,poi_business_icon,poi_business_icon_t,14,poi_business_icon,poi_business_icon_t
기업/전문서비스,주요기업본사,0,1401,0,0,0,0,0,0,0,0,0,0,0,0
기업/전문서비스,주요기업본사,N,140100,0,0,0,0,0,0,0,0,0,0,0,0
기업/전문서비스,공기업,0,1402,0,0,0,0,0,0,0,0,0,0,0,0
기업/전문서비스,공기업,한국전력공사,140201,0,1,0,0,0,0,0,0,0,0,0,0
기업/전문서비스,공기업,KT전화국,140202,0,1,0,0,0,0,0,0,0,0,0,0
기업/전문서비스,공기업,한국도로공사,140203,0,1,0,0,0,0,0,0,0,0,0,0
기업/전문서비스,공기업,한국수자원공사,140204,0,1,0,0,0,0,0,0,0,0,0,0
기업/전문서비스,공기업,한국토지주택공사,140205,0,1,0,0,0,0,0,0,0,0,0,0
기업/전문서비스,공기업,KT&G,140206,0,1,0,0,0,0,0,0,0,0,0,0
기업/전문서비스,공기업,기타공사,140207,0,1,0,0,0,0,0,0,0,0,0,0
기업/전문서비스,방송사/언론사,0,1403,0,0,0,0,0,0,0,0,0,0,0,0
기업/전문서비스,방송사/언론사,공중파방송사,140301,0,0,0,0,0,0,0,0,0,0,0,0
기업/전문서비스,방송사/언론사,케이블방송사,140302,0,0,0,0,0,0,0,0,0,0,0,0
기업/전문서비스,방송사/언론사,신문사,140303,0,0,0,0,0,0,0,0,0,0,0,0
기업/전문서비스,방송사/언론사,잡지사,140304,0,0,0,0,0,0,0,0,0,0,0,0
기업/전문서비스,방송사/언론사,지역케이블,140305,0,0,0,0,0,0,0,0,0,0,0,0
기업/전문서비스,방송사/언론사,기타,140306,0,0,0,0,0,0,0,0,0,0,0,0
기업/전문서비스,연구소,0,1404,0,0,0,0,0,0,0,0,0,0,0,0
기업/전문서비스,연구소,국립연구소,140401,0,0,0,0,0,0,0,0,0,0,0,0
기업/전문서비스,연구소,기업연구소,140402,0,0,0,0,0,0,0,0,0,0,0,0
기업/전문서비스,연수원,0,1405,0,0,0,0,0,0,0,0,0,0,0,0
기업/전문서비스,연수원,N,140500,0,0,0,0,0,0,0,0,0,0,0,0
기업/전문서비스,코스닥/상장기업,0,1406,0,0,0,0,0,0,0,0,0,0,0,0
기업/전문서비스,코스닥/상장기업,거래소상장기업,140601,0,0,0,0,0,0,0,0,0,0,0,0
기업/전문서비스,코스닥/상장기업,코스닥등록기업,140602,0,0,0,0,0,0,0,0,0,0,0,0
기업/전문서비스,전문가서비스,0,1407,0,0,0,0,0,0,0,0,0,0,0,0
기업/전문서비스,전문가서비스,법무사사무실,140701,0,0,0,0,0,0,0,0,0,0,0,0
기업/전문서비스,전문가서비스,회계사사무실,140702,0,0,0,0,0,0,0,0,0,0,0,0
기업/전문서비스,전문가서비스,세무사사무실,140703,0,0,0,0,0,0,0,0,0,0,0,0
기업/전문서비스,전문가서비스,변호사사무실,140704,0,0,0,0,0,0,0,0,0,0,0,0
기업/전문서비스,빌딩,0,1408,0,0,0,0,0,0,0,0,0,0,0,0
기업/전문서비스,빌딩,초대형건물,140801,0,0,0,0,0,0,0,0,0,0,0,0
기업/전문서비스,빌딩,주요기업건물,140802,0,0,0,0,0,0,0,0,0,0,0,0
기업/전문서비스,빌딩,기타,140803,0,0,0,0,0,0,0,0,0,0,0,0
기업/전문서비스,산업시설,0,1409,0,0,0,0,0,0,0,0,0,0,0,0
기업/전문서비스,산업시설,단지/공단,140901,0,0,0,0,0,0,0,0,0,0,0,0
기업/전문서비스,산업시설,공장,140902,0,0,0,0,0,0,0,0,0,0,0,0
기업/전문서비스,산업시설,상하수처리장,140903,0,0,0,0,0,0,0,0,0,0,0,0
기업/전문서비스,산업시설,방조제/등대,140904,0,0,0,0,0,0,0,0,0,0,0,0
기업/전문서비스,산업시설,기타,140905,0,0,0,0,0,0,0,0,0,0,0,0
기업/전문서비스,기타기업/전문서비스,0,1410,0,0,0,0,0,0,0,0,0,0,0,0
기업/전문서비스,기타기업/전문서비스,N,141000,0,0,0,0,0,0,0,0,0,0,0,0
